# Слова с заглавной, как их получает переводчик после unshoutSign, и его ответ на телефоне
# (Redmi, --es mtbatch, 29.09.2026). группа	слово	ответ переводчика. Замер — results/2026-09-28-ocr.md, «Марки».
brand	Cepêra	Сепера
brand	Icpa	Икпа
brand	Rommanel	Ромманель
brand	Coamaral	Коамараль
brand	Farmaervas	Фармацевтические
brand	Estomalina	Эстомина
brand	ICMBio	МЦБио
brand	Condepasa	Кондепаса
brand	Dnit	Днит
brand	Drogasil	Дрожжевой
brand	Bradesco	Брадеско
brand	Itaú	Итау
brand	Carrefour	Каррефур
brand	Renner	Реннер
brand	Riachuelo	Риачуэло
brand	Perdigão	Проигравший
brand	Natura	Натура
brand	Ypióca	Ипиока
brand	Antarctica	Антарктика
brand	Itaipava	Итаипава
brand	Piracanjuba	Пиракандзюба
brand	Italac	Италак
brand	Nescau	Нескау
brand	Toddy	Тодди
brand	Qualy	Квали
brand	Doriana	Дориана
brand	Heinz	Хайнц
brand	Knorr	Норр
brand	Maggi	Магги
brand	Kitano	Китано
brand	Yoki	Йоки
brand	Camil	Камиль
brand	Melitta	Мелитта
city	Ourinhos	<unk>ризы
city	Marília	Марилия
city	Apiaí	Апиаи
city	Guapiara	Гуапиара
shop	Hortifruti	Хортифрути
shop	Borracharia	Резина
shop	Serralheria	Слесарь
shop	Vidraçaria	Стекла
shop	Marmoraria	Марморария
shop	Lotérica	Лотерея
shop	Petiscaria	Петискария
shop	Esfiharia	Сфихария
shop	Bomboniere	Бомбонье
shop	Armarinho	Армандо
shop	Plastificação	Пластификации
shop	Manequinho	Манекен
shop	Dosadora	Дозирование
shop	Habanero	Хабанеро
shop	Ardidômetro	Ардидометр
shop	Pancakes	Блинчики
shop	Hamburgueria	Гамбургер
shop	Autopeças	Автозапчасти
shop	Funilaria	Посудомоечная машина
shop	Lava-jato	Автомойка
shop	Petshop	Петшоп
shop	Rotisseria	Ротиссерия
shop	Creperia	Креперии
shop	Temakeria	Темакерия
shop	Tapiocaria	Тапиокария
shop	Pamonharia	ПАМОНГАРИЯ
shop	Marmitex	Мармитекс
junk	Atenc	Атенк
junk	Veeluor	Веелюор
junk	Watdo	Уотдо
junk	Aelaraaito	Эларааито
junk	Soulo	Соло
junk	Collem	Коллем
junk	Marineacon	Маринеакон
