1789209434435	skip_lang	pt2ru	Интересно было, что значит нет, да. Но я забыла, что да, не то.		0.00	8962.0	-31.4	-27.2	-4.2	1789209433036	1388	0
1789209441232	skip_short	pt2ru	Yeah,			1954.0	-35.6	-33.2	-2.4	1789209441042	188	0
1789209449571	skip_lang	pt2ru	Телефон даже доли я этим телефон говорила.		0.00	4578.0	-35.0	-35.9	0.8	1789209449250	319	0
1789209451627	soak	model_test.wav
1789209452355	asr	pt2ru	Não pergunte o que seu país pode fazer por você. Pergunte o que você pode fazer por seu país.	Не спрашивайте, что ваша страна может сделать для вас. Спросите, что вы можете сделать для своей страны.	MT (2 фразы) · без озвучки	4599.2	-22.2	0.0	-22.2	1789209451627	285	441
1789209453862	soak	tat_1112641.wav
1789209454090	asr	pt2ru	Todos dizem que são inocentes.	Все говорят, что они невиновны.	MT · без озвучки	2150.1	-17.7	0.0	-17.7	1789209453863	158	69
1789209455600	soak	tat_2457867.wav
1789209455822	asr	pt2ru	Eu não moro com um tom.	Я не живу с Томом.	MT · без озвучки	1827.6	-15.5	0.0	-15.5	1789209455600	149	72
1789209457330	soak	tat_2652877.wav
1789209457629	asr	pt2ru	O Tom comeu três cachorros quentes.	Том съел хот-доги. 3	MT · маска×1 · без озвучки	2756.4	-16.5	0.0	-16.5	1789209457330	210	87
1789209459135	soak	tat_3489553.wav
1789209459333	asr	pt2ru	Eu estava falando com vocês.	Я с вами говорил.	MT · без озвучки	1920.5	-17.5	0.0	-17.5	1789209459135	131	66
1789209460837	soak	tat_5080466.wav
1789209461091	asr	pt2ru	Tom assou o seu nariz.	Том запек нос.	MT · без озвучки	2600.6	-14.8	0.0	-14.8	1789209460838	187	66
1789209462599	soak	tat_5150001.wav
1789209462791	asr	pt2ru	Não é o carro de Tom.	Это не машина Тома.	MT · без озвучки	1489.0	-20.5	0.0	-20.5	1789209462600	117	74
1789209464298	soak	tat_5218298.wav
1789209464613	asr	pt2ru	Como você saberia disso, então?	Откуда ты знаешь?	MT · без озвучки	2220.4	-16.3	0.0	-16.3	1789209464298	236	78
1789209466120	soak	tat_579858.wav
1789209467082	asr	pt2ru	Por favor, você poderia falar um pouco mais devagar.	Пожалуйста, вы могли бы говорить немного медленнее?	📖 корпус · без озвучки	4100.0	-22.1	0.0	-22.1	1789209466120	960	1
1789209468588	soak	tat_5806748.wav
1789209469030	asr	pt2ru	Eu machuquei o meu joelho.	Я повредил себе колено.	📖 корпус · без озвучки	2272.7	-17.1	0.0	-17.1	1789209468588	439	1
1789209470557	soak	tat_826362.wav
1789209471174	asr	pt2ru	Ela está contente com o seu sucesso.	Она довольна твоим успехом.	MT · без озвучки	2377.1	-19.5	0.0	-19.5	1789209470557	243	373
1789209472685	soak	tat_933784.wav
1789209473031	asr	pt2ru	Aquele rádio não é maior do que uma caixa de fósforos.	Это радио не больше спичечной коробки.	MT · без озвучки	3366.9	-32.2	0.0	-32.2	1789209472685	249	96
1789209474541	soak	tat_972432.wav
1789209474788	asr	pt2ru	A ideia em si não é ruim.	Сама идея неплохая.	MT · без озвучки	2205.9	-30.1	0.0	-30.1	1789209474541	171	75
1789209476461	skip_short	pt2ru	Дальше.			1986.0	-41.2	-46.7	5.5	1789209474760	165	0
1789209477081	skip_short	pt2ru	to сторону			1442.0	-32.4	-45.4	13.0	1789209476943	135	0
