1789212736998	asr	pt2ru	Sei quem é meu inimigo. A que horas começa a prova?	Я знаю, кто мой враг. Во сколько начинается экзамен?	словарь+MT (2/2) · без озвучки	4002.0	-33.8	-51.3	17.5	1789212735727	1263	6
1789212750985	asr	pt2ru	Comer em excesso é ruim para a saúde. O inglês não é fácil para mim.	Чрезмерное питание вредно для здоровья. Мне трудно даётся английский.	словарь+MT (2/2) · без озвучки	4866.0	-30.5	-50.1	19.6	1789212750525	456	3
1789212754775	skip_lang	pt2ru	Нет, я же говорил, он будет говорить.		0.00	2946.0	-31.1	-48.6	17.5	1789212754522	250	0
1789212767988	asr	pt2ru	Ele é famoso como médium. A cidade mudou consideravelmente durante esses dois últimos anos.	Он известен как медиум. Город значительно изменился за последние годы 2.	MT (2 фразы) · маска×1 · без озвучки	6882.0	-29.5	-47.2	17.8	1789212766939	506	541
1789212781311	asr	pt2ru	Fasta claro. Que diabos vocês estão fazendo?	Фаста, конечно. Что вы делаете?	MT (2 фразы) · без озвучки	3362.0	-31.0	-44.9	13.9	1789212780730	443	136
1789212796226	asr	pt2ru	Todos dizem que são inocentes. Tive que esperar mais de três horas.	Все говорят, что они невиновны. Мне пришлось ждать 3 больше часа.	MT (2 фразы) · маска×1 · без озвучки	4834.0	-27.5	-43.1	15.7	1789212795475	568	180
1789212824754	skip_short	pt2ru	Six.			1122.0	-39.0	-42.4	3.4	1789212824463	290	0
1789212839101	asr	pt2ru	Esperi por 10 minutos. Ela vai me matar.	Я просмотрел 10 минут. Она меня убьет.	словарь+MT (1/2) · маска×1 · без озвучки	4322.0	-35.8	-41.9	6.1	1789212838472	316	311
1789212840817	skip_short	pt2ru	Yeah.			1378.0	-38.8	-41.6	2.9	1789212840674	140	0
1789212864099	silence	pt2ru				514.0	-35.9	-41.0	5.0	1789212863675	422	0
1789212867472	asr	pt2ru	Você sabe onde moramos?	Ты знаешь, где мы живем?	📖 корпус · без озвучки	2210.0	-34.8	-40.3	5.5	1789212867270	197	3
1789212883194	asr	pt2ru	superior da mutência.	выше мутации.	MT · без озвучки	2082.0	-38.0	-40.4	2.4	1789212882871	173	148
1789212900385	asr	pt2ru	Eu quero que você use isso.	Я хочу, чтобы ты надел это.	📖 корпус · без озвучки	6210.0	-39.9	-41.7	1.8	1789212899873	510	1
1789212901549	silence	pt2ru				642.0	-33.0	-41.2	8.2	1789212901478	69	0
1789212935172	asr	pt2ru	No ajuda.	Не помогает.	MT · без озвучки	11778.0	-37.0	-40.2	3.2	1789212933886	1010	273
1789212944182	asr	pt2ru	Preciso da ajuda de vocês. É isso, cartão.	Мне нужна ваша помощь. Вот так, открытка.	MT (2 фразы) · без озвучки	5442.0	-37.2	-40.6	3.4	1789212943677	372	131
1789212955862	asr	pt2ru	Oh.	О.	MT · без озвучки	738.0	-39.3	-40.0	0.7	1789212955670	137	54
1789212972175	skip_short	pt2ru	Yeah.			1058.0	-37.5	-37.4	-0.1	1789212972069	104	0
1789212999119	asr	pt2ru	Essas a passagem.	Вот проход.	MT · без озвучки	1986.0	-35.2	-38.5	3.4	1789212998873	175	69
1789213001488	asr	pt2ru	cachorros quentes.	Хот-доги.	MT · без озвучки	1634.0	-34.6	-38.6	4.0	1789213001277	135	73
1789213016578	asr	pt2ru	Quando o custa entrar.	Когда вам будет трудно войти.	MT · без озвучки	3138.0	-35.3	-40.1	4.8	1789213016276	237	63
1789213031776	asr	pt2ru	Estou precisando chegar. Sima-se dos biscoitos.	Я должен быть там. Сходи за печеньем.	MT (2 фразы) · без озвучки	4418.0	-36.3	-41.2	4.9	1789213031285	306	182
1789213060712	asr	pt2ru	Ela se sentou o vino dele.	Она сидела на его вине.	MT · без озвучки	2146.0	-36.1	-39.2	3.0	1789213060468	152	89
1789213075034	asr	pt2ru	Eles mandaram aqui.	Они прислали его сюда.	MT · без озвучки	3298.0	-36.3	-39.7	3.5	1789213074480	409	143
1789213087223	asr	pt2ru	Posso ver televisão agora.	Теперь я могу посмотреть телевизор?	📖 корпус · без озвучки	1826.0	-36.2	-39.9	3.7	1789213087072	148	1
1789213090677	skip_short	pt2ru	Seems to me.			2338.0	-38.0	-39.6	1.6	1789213090474	201	0
1789213113010	asr	pt2ru	Estava falando com vocês. Te amo. Ela é minha namorada.	Я с вами разговариваю. Я люблю тебя! Она моя девушка.	словарь+MT (2/3) · без озвучки	4770.0	-34.6	-39.8	5.1	1789213112274	559	175
1789213125245	skip_short	pt2ru	So nice.			2370.0	-36.3	-39.3	3.0	1789213125071	172	0
1789213147911	asr	pt2ru	Não é um cá que você saberia disso.	Не похоже, чтобы ты знал об этом.	MT · без озвучки	4898.0	-35.6	-39.7	4.1	1789213147274	423	212
1789213160082	asr	pt2ru	Sim, tem.	Да, есть.	MT · без озвучки	1826.0	-37.5	-40.3	2.7	1789213159877	143	60
1789213167649	silence	pt2ru				1314.0	-37.8	-39.5	1.7	1789213167266	382	0
1789213206499	asr	pt2ru	Isso é tudo?	Это всё?	📖 корпус · без озвучки	2882.0	-33.9	-39.4	5.5	1789213206272	224	1
1789213221029	asr	pt2ru	Muito bem. Não posso falar.	Хорошо. Я не могу говорить.	словарь+MT (1/2) · без озвучки	3074.0	-35.6	-39.7	4.2	1789213220473	223	330
1789213245047	asr	pt2ru	Você acha? Eu amo você. Aquele rádio não é maior do que uma caixa de fósforos.	Ты думаешь? Я тебя люблю. Это радио не больше спичечной коробки.	словарь+MT (2/3) · без озвучки	6082.0	-33.9	-39.9	6.0	1789213243880	816	349
1789213256922	skip_short	pt2ru	It couldn't.			1186.0	-36.5	-40.0	3.4	1789213256676	243	0
1789213273190	asr	pt2ru	Sim, não é ruim. Ela gostou do novo vestido.	Да, неплохо. Ей понравилось новое платье.	словарь+MT (1/2) · без озвучки	4738.0	-34.0	-39.3	5.4	1789213272667	348	173
1789213279466	silence	pt2ru				1666.0	-36.0	-40.3	4.3	1789213279270	195	0
1789213285946	asr	pt2ru	Brilhante o sol é mais luminoso que a lua.	Солнце ярче, чем луна.	MT · без озвучки	4578.0	-34.2	-39.9	5.8	1789213285473	295	176
1789213298713	asr	pt2ru	Eu não sei onde está.	Я не знаю, где это.	📖 корпус · без озвучки	2690.0	-35.3	-39.0	3.7	1789213298473	237	2
1789213313949	asr	pt2ru	Viver sentido. Ele usa óculos.	Жить здраво. Он носит очки.	словарь+MT (1/2) · без озвучки	3842.0	-35.2	-39.7	4.5	1789213313068	549	329
