1789218185826	soak	tat_1411749.wav
1789218186591	asr	ru2pt	В прошлом году он провел три месяца в море.	No ano passado, ele passou um mês 3 no mar.	MT · маска×1 · без озвучки	2870.1	-18.6			1789218185827	615	148
1789218188102	soak	tat_1457797.wav
1789218188304	asr	ru2pt	Он покинул комнату, не сказав ни слова.	Ele saiu do quarto sem dizer uma palavra.	📖 корпус · без озвучки	2529.9	-19.3			1789218188102	184	16
1789218189815	soak	tat_1722534.wav
1789218190048	asr	ru2pt	Я спал, как убитый.	Dormi como uma pedra.	📖 корпус · без озвучки	2194.3	-21.0			1789218189815	208	24
1789218191556	soak	tat_1826085.wav
1789218191940	asr	ru2pt	Она нес своего ребенка на руках.	Ela carregava o filho nos braços.	MT · без озвучки	2570.1	-17.3			1789218191556	261	121
1789218193455	soak	tat_2335369.wav
1789218193658	asr	ru2pt	Ты говоришь по-французски?	Falas francês?	📖 корпус · без озвучки	1970.1	-16.5			1789218193456	181	19
1789218195171	soak	tat_2335447.wav
1789218195576	asr	ru2pt	Вот почему девушки любят огурцы.	É por isso que as meninas gostam de pepinos.	MT · без озвучки	3070.1	-15.1			1789218195171	271	132
1789218197086	soak	tat_2404225.wav
1789218197349	asr	ru2pt	По существу, я согласен с вашим мнением.	Basicamente, eu concordo com a sua opinião.	📖 корпус · без озвучки	2620.1	-19.3			1789218197087	240	21
1789218198869	soak	tat_2720840.wav
1789218199214	asr	ru2pt	Всем и несем ответственность перед законом.	Todos temos responsabilidade perante a lei.	MT · без озвучки	2720.1	-17.3			1789218198869	240	104
1789218200724	soak	tat_2754913.wav
1789218200855	asr	ru2pt	Он здесь.	Aqui está ele!	📖 корпус · без озвучки	1100.0	-18.8			1789218200724	113	16
1789218202366	soak	tat_3282130.wav
1789218202700	asr	ru2pt	Они не смогут тебя остановить.	Eles não te podem impedir.	MT · без озвучки	2592.9	-14.1			1789218202367	231	101
1789218204212	soak	tat_3283042.wav
1789218204410	asr	ru2pt	Вам нравится белое вино?	Vocês gostam de vinho branco?	📖 корпус · без озвучки	1970.1	-20.2			1789218204213	177	19
1789218205920	soak	tat_329723.wav
1789218206099	asr	ru2pt	Что ты хочешь делать?	O que você quer fazer?	📖 корпус · без озвучки	1400.0	-18.2			1789218205920	158	20
1789218207612	soak	tat_329907.wav
1789218207806	asr	ru2pt	Ты слишком много думаешь.	Você pensa demais.	📖 корпус · без озвучки	1650.0	-19.3			1789218207612	172	20
1789218209319	soak	tat_330507.wav
1789218209748	asr	ru2pt	Символ амперсант ставится вместо И.	O símbolo do emperramento é colocado em vez de I.	MT · без озвучки	3100.0	-20.5			1789218209320	274	153
1789218211256	soak	tat_330509.wav
1789218211659	asr	ru2pt	Кто это, девочка? Это Кейко.	Quem é aquela garota? É a Keiko.	MT (2 фразы) · pt-BR · без озвучки	2700.0	-19.5			1789218211256	248	153
1789218213175	soak	tat_3354267.wav
1789218214151	asr	ru2pt	Снова ты шоколад ешь. Си ты его любишь. Угу, люблю. А кого ты любишь больше, шоколад или меня? Само собой- шоколад.	Estás comendo chocolate outra vez. Tu amas o C. Sim, amo. Quem você mais gosta, chocolate ou eu? Claro que é chocolate.	MT (5 фразы) · pt-BR · без озвучки	8079.9	-15.1			1789218213175	597	377
1789218215670	soak	tat_337429.wav
1789218215904	asr	ru2pt	Во вселенной есть много галактик.	Há muitas galáxias no Universo.	📖 корпус · без озвучки	2150.0	-20.2			1789218215671	211	21
1789218217414	soak	tat_337437.wav
1789218217728	asr	ru2pt	У Майка есть несколько друзей во Флориде.	Mike tem vários amigos na Flórida.	MT · без озвучки	2250.0	-18.8			1789218217415	220	92
1789218219237	soak	tat_338488.wav
1789218219404	asr	ru2pt	Я не понимаю.	Não entendo.	📖 корпус · без озвучки	1300.0	-18.7			1789218219237	151	15
1789218220917	soak	tat_338491.wav
1789218221202	asr	ru2pt	Мне нравятся музыка и английский язык.	Eu gosto de música e da língua inglesa.	📖 корпус · без озвучки	2800.0	-21.7			1789218220917	257	26
1789218222717	soak	tat_351203.wav
1789218223228	asr	ru2pt	Стиральная машина замечательное изобретение.	A máquina de lavar roupa é uma invenção maravilhosa.	MT · без озвучки	3250.0	-20.2			1789218222718	304	205
1789218224748	soak	tat_351209.wav
1789218224953	asr	ru2pt	Я пробуду здесь недолго.	Ficarei aqui por um breve período de tempo.	📖 корпус · без озвучки	1900.0	-19.1			1789218224749	178	24
1789218226462	soak	tat_351210.wav
1789218226829	asr	ru2pt	Так вести себя, это на него очень похоже.	É assim que ele age.	MT · без озвучки	2900.0	-19.5			1789218226462	268	98
1789218228347	soak	tat_351211.wav
1789218228574	asr	ru2pt	Папа купил мне фотоаппарат.	Meu pai comprou uma câmera para mim.	📖 корпус · без озвучки	2050.0	-21.0			1789218228347	205	21
1789218230086	soak	tat_351212.wav
1789218230307	asr	ru2pt	Собака гналась за кошкой.	O cachorro correu atrás do gato.	📖 корпус · без озвучки	2050.0	-18.8			1789218230086	193	26
1789218231823	soak	tat_351673.wav
1789218232089	asr	ru2pt	Матч отменили из-за дождя.	A partida foi cancelada por causa de chuva.	📖 корпус · без озвучки	2100.0	-19.4			1789218231823	242	22
1789218233603	soak	tat_351799.wav
1789218233789	asr	ru2pt	Как называется эта улица?	Qual é o nome desta rua?	📖 корпус · без озвучки	1650.0	-18.8			1789218233603	162	23
1789218235299	soak	tat_358165.wav
1789218235487	asr	ru2pt	Вы говорите по-японски?	Você fala japonês?	📖 корпус · без озвучки	1600.0	-20.0			1789218235299	153	33
1789218237002	soak	tat_366844.wav
1789218237182	asr	ru2pt	Я не знаю, что это.	Não sei o que é isso.	📖 корпус · без озвучки	1550.0	-19.9			1789218237002	156	23
1789218238698	soak	tat_370862.wav
1789218239084	asr	ru2pt	Ад и рай существуют лишь в сердцах людей.	O céu e o inferno existem apenas no coração dos homens.	MT · без озвучки	2950.0	-21.5			1789218238698	249	136
1789218240608	soak	tat_374869.wav
1789218240744	asr	ru2pt	Спасибо.	Obrigado	📖 словарь · без озвучки	1000.0	-20.4			1789218240608	108	27
1789218242260	soak	tat_376125.wav
1789218242427	asr	ru2pt	Читал он очень много.	Ele lia muito.	📖 корпус · без озвучки	1450.0	-21.4			1789218242260	142	24
1789218243944	soak	tat_379409.wav
1789218244109	asr	ru2pt	Пожалуйста.	Por favor	📖 словарь · без озвучки	1150.0	-17.1			1789218243945	139	23
1789218245617	soak	tat_379416.wav
1789218245985	asr	ru2pt	Я чуть не оставил зонтик в поезде.	Eu quase deixei meu guarda-chuva no trem.	📖 корпус · без озвучки	2200.0	-17.0			1789218245617	339	27
1789218247504	soak	tat_379966.wav
1789218248104	asr	ru2pt	Здесь очень опасно ходить ночью.	É muito perigoso andar aqui à noite.	MT · без озвучки	2100.0	-20.1			1789218247504	293	306
1789218249616	soak	tat_380004.wav
1789218249923	asr	ru2pt	На твоем месте я бы сразу пошел домой.	Se eu fosse você, ia já para casa.	📖 корпус · без озвучки	2500.0	-19.1			1789218249617	284	22
1789218251439	soak	tat_380994.wav
1789218251774	asr	ru2pt	Он по ошибке взял не ту шляпу.	Ele pegou o chapéu errado por engano.	MT · без озвучки	2100.0	-19.8			1789218251439	203	130
1789218253288	soak	tat_381029.wav
1789218253504	skip_lang	ru2pt	Война вступила в завершающую стадию.		0.25	2350.0	-19.5			1789218253288	214	0
1789218255012	soak	tat_381253.wav
1789218255398	asr	ru2pt	Нельзя делать два дела одновременно.	Não se pode fazer 2 coisas ao mesmo tempo.	MT · маска×1 · без озвучки	2250.0	-17.6			1789218255012	238	148
1789218256908	soak	tat_381304.wav
1789218257498	asr	ru2pt	Не все то золото, что блестит.	Nem tudo que reluz é ouro.	📖 корпус · без озвучки	2050.0	-17.3			1789218256908	566	22
1789218259012	soak	tat_381366.wav
1789218259341	asr	ru2pt	Плохая яблоняе плохие яблоки.	Maçãs ruins, maçãs ruins.	MT · без озвучки	2500.0	-17.7			1789218259012	225	102
1789218260855	soak	tat_381374.wav
1789218261089	asr	ru2pt	С глаз долой из сердца вон.	Longe dos olhos — longe do coração.	📖 корпус · без озвучки	2350.0	-19.4			1789218260855	209	23
1789218262596	soak	tat_381382.wav
1789218263056	asr	ru2pt	Пришла беда? отваряй ворота.	- Há algum problema? Ferva o portão.	MT (2 фразы) · без озвучки	2700.0	-16.7			1789218262597	297	160
1789218264565	soak	tat_389742.wav
1789218264793	asr	ru2pt	Я знаю, что она красивая.	Eu sei que ela é bonita.	📖 корпус · без озвучки	2320.1	-16.9			1789218264565	203	23
1789218266307	soak	tat_392752.wav
1789218266623	asr	ru2pt	Он сказал, что заболел, и это была ложь.	Ele disse que estava doente, o que era mentira.	📖 корпус · без озвучки	2929.9	-15.8			1789218266307	292	23
1789218268135	soak	tat_392934.wav
1789218268337	asr	ru2pt	Мы пробовали убедить его.	Nós tentamos persuadi-lo.	📖 корпус · без озвучки	2070.1	-15.1			1789218268135	177	23
1789218269848	soak	tat_3965392.wav
1789218270171	asr	ru2pt	Сегодня вечером мы идем люди.	Hoje à noite vamos sair.	MT · без озвучки	2429.9	-18.2			1789218269849	235	86
1789218271682	soak	tat_401105.wav
1789218271860	asr	ru2pt	Большое спасибо.	Muito obrigado	📖 словарь · без озвучки	1650.0	-17.9			1789218271683	156	20
1789218273373	soak	tat_4549971.wav
1789218273711	asr	ru2pt	Мы ехали целыми днями.	Nós dirigimos o dia inteiro.	📖 корпус · без озвучки	2170.1	-19.3			1789218273373	315	21
1789218275223	soak	tat_464804.wav
1789218275724	asr	ru2pt	Не так страшен черт, как его молюют.	Não é tão mau como dizem.	MT · без озвучки	3250.0	-18.1			1789218275223	327	172
1789218277234	soak	tat_4896581.wav
1789218277441	asr	ru2pt	Этот сайт очень полезный.	Este site é muito útil.	📖 корпус · без озвучки	1776.3	-19.5			1789218277234	183	21
1789218278951	soak	tat_5252154.wav
1789218279198	asr	ru2pt	Ты не мог бы закрыть окно.	Você poderia fechar a janela?	📖 корпус · без озвучки	2050.0	-18.2			1789218278951	222	23
1789218280710	soak	tat_5409.wav
1789218280914	asr	ru2pt	Давайте что-нибудь попробуем.	Vamos tentar alguma coisa!	📖 корпус · без озвучки	1900.0	-19.1			1789218280710	180	22
1789218282425	soak	tat_5410.wav
1789218282624	asr	ru2pt	Мне пора идти спать.	Preciso ir dormir.	📖 корпус · без озвучки	1700.0	-19.9			1789218282426	176	20
1789218284138	soak	tat_5449.wav
1789218284306	asr	ru2pt	Я так жить не могу.	Não posso viver assim.	📖 корпус · без озвучки	1600.0	-19.0			1789218284138	143	24
1789218285818	soak	tat_5481.wav
1789218286101	asr	ru2pt	Мне потребуется вечность, чтобы все объяснить.	Eu levaria uma eternidade para explicar tudo.	📖 корпус · без озвучки	2600.0	-19.5			1789218285818	257	25
1789218287612	soak	tat_5517.wav
1789218287834	asr	ru2pt	Я не знал, откуда это пришло.	Eu não sabia de onde isso veio.	📖 корпус · без озвучки	2050.0	-21.2			1789218287613	198	22
1789218289351	soak	tat_5561503.wav
1789218289575	asr	ru2pt	Кто-то украл мой велосипед.	Alguém roubou a minha bicicleta.	📖 корпус · без озвучки	2200.0	-18.8			1789218289351	200	23
1789218291088	soak	tat_5565.wav
1789218291236	asr	ru2pt	В чем проблема?	Onde é o problema?	📖 корпус · без озвучки	1200.0	-17.7			1789218291089	122	23
1789218292748	soak	tat_5566.wav
1789218292926	asr	ru2pt	Я могу только ждать.	Só posso esperar.	📖 корпус · без озвучки	1650.0	-20.2			1789218292748	150	26
1789218294438	soak	tat_5567.wav
1789218294767	asr	ru2pt	Это совсем не удивительно, не так ли?	Não é de todo surpreendente, pois não?	MT · без озвучки	2350.0	-21.2			1789218294438	209	118
1789218296281	soak	tat_5568.wav
1789218296436	asr	ru2pt	Я люблю тебя.	Te amo.	📖 корпус · без озвучки	1300.0	-16.4			1789218296282	129	24
1789218297952	soak	tat_5579.wav
1789218298149	asr	ru2pt	Я не хотел, чтобы это случилось.	Eu não queria que isso acontecesse.	📖 корпус · без озвучки	2000.0	-21.4			1789218297953	173	21
1789218299661	soak	tat_5583.wav
1789218299827	asr	ru2pt	Не могу сделать ничего лучше.	Não tenho nada melhor para fazer.	📖 корпус · без озвучки	1850.0	-18.6			1789218299661	148	16
1789218301337	soak	tat_5592.wav
1789218301498	asr	ru2pt	Что ты думаешь, я делал?	O que você acha que eu estive fazendo?	📖 корпус · без озвучки	1550.0	-17.2			1789218301337	134	26
1789218303009	soak	tat_5612.wav
1789218303175	asr	ru2pt	Я не говорю по-японски.	Eu não falo japonês.	📖 корпус · без озвучки	1500.0	-18.6			1789218303009	142	23
1789218304689	soak	tat_5648.wav
1789218304905	asr	ru2pt	Возьми книгу и прочитай ее.	Pegue um livro e o leia!	📖 корпус · без озвучки	2300.0	-19.2			1789218304690	195	18
1789218306415	soak	tat_5652.wav
1789218306597	asr	ru2pt	Ты за или против абортов?	Você é contra ou a favor do aborto?	📖 корпус · без озвучки	1850.0	-18.6			1789218306415	160	21
1789218308115	soak	tat_5659.wav
1789218308387	asr	ru2pt	О чем ты?	O que queres dizer?	MT · без озвучки	1200.0	-20.0			1789218308115	113	158
1789218309899	soak	tat_5660.wav
1789218310119	asr	ru2pt	Зима мое любимое время года.	O inverno é a minha estação favorita.	📖 корпус · без озвучки	2400.0	-20.1			1789218309899	196	22
1789218311627	soak	tat_5773181.wav
1789218311851	asr	ru2pt	Можно я съем этот апельсин?	Posso comer esta laranja?	📖 корпус · без озвучки	2298.8	-16.5			1789218311627	203	20
1789218313367	soak	tat_582675.wav
1789218313504	asr	ru2pt	Это книга.	É um livro.	📖 корпус · без озвучки	1150.0	-19.5			1789218313367	115	21
1789218315015	soak	tat_5889703.wav
1789218315187	asr	ru2pt	Он не продал дом.	Ele não vendeu a casa.	📖 корпус · без озвучки	1720.1	-16.9			1789218315016	146	24
1789218316701	soak	tat_5962471.wav
1789218316945	asr	ru2pt	Я помню, как было в первый раз.	Lembro-me de como foi a primeira vez.	📖 корпус · без озвучки	2820.1	-18.3			1789218316701	222	20
1789218318461	soak	tat_6091105.wav
1789218318795	asr	ru2pt	Я регулярно бегаю в парке.	Eu corro regularmente no parque.	📖 корпус · без озвучки	4493.1	-28.0			1789218318462	312	19
1789218320309	soak	tat_6387725.wav
1789218320473	asr	ru2pt	Расскажи о своем детстве.	Fala-nos de tua infância.	📖 корпус · без озвучки	1629.9	-17.3			1789218320309	139	22
1789218321983	soak	tat_6454821.wav
1789218322264	asr	ru2pt	Серо горит синим пламенем.	Sero está queimando com uma chama azul.	MT · без озвучки	2029.9	-18.6			1789218321984	180	99
1789218323776	soak	tat_650601.wav
1789218323899	asr	ru2pt	В чем дело?	Qual é o problema?	📖 корпус · без озвучки	1100.0	-17.5			1789218323777	100	22
1789218325410	soak	tat_660797.wav
1789218325533	asr	ru2pt	Иди спать.	Vai dormir.	📖 корпус · без озвучки	1100.0	-22.8			1789218325410	100	21
1789218327042	soak	tat_882179.wav
1789218327177	asr	ru2pt	Я работаю.	Estou trabalhando!	📖 корпус · без озвучки	1250.0	-17.5			1789218327042	114	20
