1789221618633	asr	ru2pt	В прошлом году он провел три месяца в море.	No ano passado, ele passou um mês 3 no mar.	MT · маска×1 · без озвучки	4832.0	-34.1	-53.1	19.0	1789221617147	1321	162
1789221622250	asr	ru2pt	Он покинул комнату, не сказав ни слова.	Ele saiu do quarto sem dizer uma palavra.	📖 корпус · без озвучки	3520.0	-31.4	-50.8	19.4	1789221621950	277	21
1789221627765	skip_short	ru2pt	Cacum.			2624.0	-24.0	-48.0	24.0	1789221627546	209	0
1789221633174	asr	ru2pt	Она несла своего ребенка на руках.	Ela trazia o filho nos braços.	📖 корпус · без озвучки	2336.0	-28.2	-45.5	17.3	1789221632947	206	19
1789221634028	silence	ru2pt				736.0	-35.2	-45.5	10.3	1789221633947	79	0
1789221637930	asr	ru2pt	Ты говоришь по-французски?	Falas francês?	📖 корпус · без озвучки	1440.0	-28.8	-44.0	15.2	1789221637749	163	16
1789221645059	asr	ru2pt	Почему девушки любят огурцы?	Por que as meninas gostam de pepinos?	MT · без озвучки	2080.0	-32.7	-42.8	10.1	1789221644151	451	456
1789221650155	asr	ru2pt	По существу я согласен с вашим мнением.	Basicamente, eu concordo com a sua opinião.	📖 корпус · без озвучки	2080.0	-26.0	-42.8	16.8	1789221649950	187	16
1789221656425	asr	ru2pt	Всем и несем ответственность перед законом.	Todos temos responsabilidade perante a lei.	MT (2×) · без озвучки	2336.0	-27.7	-42.4	14.6	1789221655942	304	177
1789221666662	asr	ru2pt	Они не смогут тебя остановить.	Eles não te podem impedir.	выучено (3×) · без озвучки	2048.0	-30.8	-41.5	10.7	1789221666345	200	115
1789221671506	asr	ru2pt	Вам нравится белое вино?	Vocês gostam de vinho branco?	📖 корпус · без озвучки	1632.0	-25.6	-41.9	16.3	1789221671351	139	14
1789221676278	asr	ru2pt	Что ты хочешь делать?	O que você quer fazer?	📖 корпус · без озвучки	1216.0	-28.8	-42.6	13.9	1789221676148	113	15
1789221681525	asr	ru2pt	Ты слишком много думаешь.	Você pensa demais.	📖 корпус · без озвучки	1728.0	-28.7	-43.1	14.3	1789221681351	157	15
1789221687827	asr	ru2pt	Символ амперсант ставится вместо И.	O símbolo do emperramento é colocado em vez de I.	выучено (3×) · без озвучки	2880.0	-26.7	-43.4	16.7	1789221687346	240	239
1789221692148	asr	ru2pt	это девочка	É uma menina.	MT · без озвучки	992.0	-28.6	-43.4	14.8	1789221691947	108	91
1789221693375	asr	ru2pt	Это Кейко.	É a Keiko.	выучено (3×) · без озвучки	992.0	-30.2	-43.4	13.2	1789221693152	110	111
1789221706706	asr	ru2pt	Снова ты шоколад ешь. Сильно же ты его любишь. Люблю. А кого ты любишь больше, шоколад или меня? Само собой шоколад.	Estás comendo chocolate outra vez. Tu amas-o muito. Adoro-te. Quem você mais gosta, chocolate ou eu? Chocolate, claro.	MT (5 фразы) · pt-BR · без озвучки	7712.0	-28.7	-42.4	13.7	1789221704747	1078	879
1789221706985	asr	ru2pt	поменяла	Mudei	MT · без озвучки	1728.0	-37.4	-42.4	5.1	1789221706749	148	86
1789221710125	asr	ru2pt	Во вселенной есть много галактик.	Há muitas galáxias no Universo.	📖 корпус · без озвучки	1824.0	-30.1	-42.1	12.0	1789221709952	156	15
1789221715648	asr	ru2pt	Майка есть несколько друзей во Флориде.	Mike tem alguns amigos na Flórida.	MT · без озвучки	1824.0	-28.6	-42.5	13.8	1789221715351	172	123
1789221720068	asr	ru2pt	Я не понимаю.	Não entendo.	📖 корпус · без озвучки	960.0	-27.1	-42.7	15.6	1789221719950	92	23
1789221726302	asr	ru2pt	нравятся музыка и английский язык.	Gosto de música e inglês.	MT · без озвучки	2176.0	-30.2	-42.0	11.8	1789221725955	240	105
1789221732598	asr	ru2pt	Стиральная машина замечательное изобретение.	A máquina de lavar roupa é uma invenção maravilhosa.	MT (2×) · без озвучки	2784.0	-27.4	-41.9	14.5	1789221732147	301	149
1789221737687	asr	ru2pt	Я пробуду здесь недолго.	Ficarei aqui por um breve período de tempo.	📖 корпус · без озвучки	1536.0	-29.6	-42.6	12.9	1789221737544	127	15
1789221744151	asr	ru2pt	Так вести себя, это на него очень похоже.	É assim que ele age.	MT (2×) · без озвучки	2624.0	-28.4	-43.2	14.8	1789221743754	245	151
1789221749206	asr	ru2pt	мне фотоаппарат	Me dê uma câmera	MT · без озвучки	1312.0	-33.0	-43.1	10.1	1789221748951	162	92
1789221754302	asr	ru2pt	Собака гналась за кошкой.	O cachorro correu atrás do gato.	📖 корпус · без озвучки	1664.0	-28.0	-43.5	15.4	1789221754148	138	14
1789221764060	asr	ru2pt	Матчи отменили из-за дождя.	Os jogos foram cancelados por causa da chuva.	MT · без озвучки	3744.0	-30.3	-43.5	13.2	1789221760549	1967	1542
1789221765819	asr	ru2pt	Называется это улице.	Chama-se Rua.	MT · без озвучки	1216.0	-27.7	-41.7	14.0	1789221764736	905	177
1789221770149	asr	ru2pt	Вы говорите по-японски.	Você fala japonês?	📖 корпус · без озвучки	1344.0	-29.2	-42.5	13.3	1789221769536	588	23
1789221774751	asr	ru2pt	Я не знаю, что это.	Não sei o que é isso.	📖 корпус · без озвучки	1152.0	-27.2	-43.0	15.8	1789221774139	587	22
1789221781114	asr	ru2pt	Ад и рай существуют лишь в сердцах людей.	O céu e o inferno existem apenas no coração dos homens.	выучено (3×) · без озвучки	2592.0	-28.0	-42.9	15.0	1789221780346	357	408
1789221799374	asr	ru2pt	Я чуть не оставил зонтик в поезде.	Eu quase deixei meu guarda-chuva no trem.	📖 корпус · без озвучки	1760.0	-27.5	-41.8	14.3	1789221799148	202	22
1789221804636	asr	ru2pt	Здесь очень опасно ходить ночью.	É muito perigoso andar aqui à noite.	выучено (3×) · без озвучки	1600.0	-27.9	-42.0	14.1	1789221804355	151	128
1789221810368	asr	ru2pt	На твоем месте я бы сразу пошел домой.	Se eu fosse você, ia já para casa.	📖 корпус · без озвучки	2112.0	-27.9	-42.2	14.2	1789221810148	201	16
1789221815878	asr	ru2pt	Он по ошибке взял не ту шляпу.	Ele pegou o chapéu errado por engano.	MT (2×) · без озвучки	2304.0	-29.2	-41.2	11.9	1789221815552	189	135
1789221821331	skip_lang	ru2pt	Война вступила в завершающую стадию.		0.25	2016.0	-27.8	-41.2	13.5	1789221821148	181	0
1789221827393	asr	ru2pt	Нельзя делать два дела на примерно.	Não se pode fazer 2 em casos de aproximadamente.	MT · маска×1 · без озвучки	2016.0	-29.3	-40.2	10.9	1789221826751	483	155
1789221833330	asr	ru2pt	И все то думают, что близко.	E todos pensam que estão perto.	MT · без озвучки	3104.0	-28.0	-40.5	12.4	1789221832950	265	113
1789221836496	skip_lang	ru2pt	Слугая яблочка.		0.00	1152.0	-30.3	-40.5	10.2	1789221836351	143	0
1789221838086	skip_short	ru2pt	Ya.			1344.0	-33.3	-40.5	7.2	1789221837953	131	0
1789221843424	asr	ru2pt	Долой и сердце вон.	Abaixo e fora do coração.	MT · без озвучки	1664.0	-30.7	-39.2	8.5	1789221843149	148	125
1789221850013	asr	ru2pt	Пришла бы, да? Отворяй ворота.	- Ela viria, não? Abre o portão.	MT (2 фразы) · без озвучки	3232.0	-30.2	-39.2	9.1	1789221849543	261	208
1789221855573	asr	ru2pt	Я знаю, что она красивая.	Eu sei que ela é bonita.	📖 корпус · без озвучки	2432.0	-24.5	-39.8	15.3	1789221855347	204	20
1789221861339	asr	ru2pt	Сказал, что заболел, и это была ложь.	Disse que estava doente e que era mentira.	MT · без озвучки	2400.0	-24.1	-39.0	15.0	1789221860946	223	168
1789221866444	silence	ru2pt				1248.0	-23.6	-37.7	14.1	1789221866346	96	0
1789221871950	asr	ru2pt	Сегодня вечером мы идем в люди.	Vamos sair hoje à noite.	📖 корпус · без озвучки	2048.0	-24.7	-38.1	13.4	1789221871748	179	21
1789221876718	asr	ru2pt	Большое спасибо.	Muito obrigado	📖 словарь · без озвучки	1216.0	-21.1	-38.0	17.0	1789221876573	129	14
1789221882464	asr	ru2pt	Ехали целыми днями.	Viajamos o dia todo.	MT · без озвучки	1536.0	-27.0	-38.6	11.6	1789221881965	174	323
1789221888740	asr	ru2pt	Не так страшен черт, как его молю.	Não é tão mau como eu oro.	MT · без озвучки	2400.0	-29.1	-40.8	11.7	1789221888374	224	139
1789221893796	asr	ru2pt	Сайт очень полез.	O site é muito bom.	MT · без озвучки	1056.0	-31.4	-42.0	10.6	1789221893568	115	112
1789221899385	asr	ru2pt	Ты не мог бы закрыть окно.	Você poderia fechar a janela?	📖 корпус · без озвучки	1920.0	-32.1	-43.3	11.1	1789221899172	189	21
1789221904340	asr	ru2pt	Давайте что-нибудь попробуем.	Vamos tentar alguma coisa!	📖 корпус · без озвучки	1536.0	-30.7	-43.9	13.2	1789221904166	152	20
1789221909129	asr	ru2pt	Мне пора идти спать.	Preciso ir dormir.	📖 корпус · без озвучки	1408.0	-30.7	-44.6	13.9	1789221908974	132	21
1789221919862	asr	ru2pt	потребуется вечность чтобы все объяснить	Levará uma eternidade para explicar tudo.	MT · без озвучки	2048.0	-32.6	-42.4	9.8	1789221919575	160	125
1789221925335	asr	ru2pt	Я не знал, откуда это пришло.	Eu não sabia de onde isso veio.	📖 корпус · без озвучки	1760.0	-29.5	-43.4	13.9	1789221925170	136	27
1789221930850	asr	ru2pt	Украл мой велосипед.	Roubou a minha bicicleta.	MT · без озвучки	1728.0	-31.0	-40.7	9.7	1789221930573	153	121
1789221935947	asr	ru2pt	В чем проблема?	Onde é o problema?	📖 корпус · без озвучки	1728.0	-30.9	-41.2	10.3	1789221935776	152	16
1789221940140	asr	ru2pt	Я могу только ждать.	Só posso esperar.	📖 корпус · без озвучки	1504.0	-17.2	-40.8	23.7	1789221939971	148	20
1789221946276	asr	ru2pt	Это совсем не удивительно, не так ли?	Não é de todo surpreendente, pois não?	MT (2×) · без озвучки	2080.0	-21.7	-41.6	19.9	1789221945560	347	367
1789221950121	asr	ru2pt	Я люблю тебя.	Te amo.	📖 корпус · без озвучки	1088.0	-25.8	-41.7	15.9	1789221949978	121	20
1789221955365	asr	ru2pt	Я не хотел, чтобы это случилось.	Eu não queria que isso acontecesse.	📖 корпус · без озвучки	1728.0	-25.8	-43.4	17.6	1789221955175	168	19
1789221961198	asr	ru2pt	Не могу сделать ничего лучше.	Não tenho nada melhor para fazer.	📖 корпус · без озвучки	2272.0	-26.8	-44.6	17.7	1789221960975	199	23
1789221965417	asr	ru2pt	Что ты думаешь и делал?	O que você pensa e faz?	MT · без озвучки	1280.0	-23.3	-45.3	21.9	1789221965174	130	111
1789221970157	asr	ru2pt	Я не говорю по-японски.	Eu não falo japonês.	📖 корпус · без озвучки	1440.0	-25.2	-46.5	21.2	1789221969979	152	24
1789221975574	asr	ru2pt	Возьми книгу и прочитай ее.	Pegue um livro e o leia!	📖 корпус · без озвучки	2048.0	-25.2	-47.3	22.1	1789221975371	183	19
1789221980737	asr	ru2pt	Ты за или против абортов?	Você é contra ou a favor do aborto?	📖 корпус · без озвучки	1696.0	-25.5	-46.9	21.4	1789221980573	146	16
1789221985166	asr	ru2pt	О чем ты?	O que queres dizer?	MT (2×) · без озвучки	960.0	-24.6	-47.5	22.9	1789221984971	99	95
1789221990919	asr	ru2pt	Зимае мое любимое время года.	É a minha época favorita do ano.	MT (2×) · без озвучки	2272.0	-23.7	-47.9	24.2	1789221990574	211	131
1789221997489	asr	ru2pt	Можно я съем этот апельсин?	Posso comer esta laranja?	📖 корпус · без озвучки	3392.0	-28.4	-46.9	18.5	1789221997171	296	20
1789222001094	skip_lang	ru2pt	You got it.		0.00	1216.0	-32.1	-42.7	10.6	1789222000975	117	0
1789222005896	asr	ru2pt	Не продал дом.	Não vendeu a casa.	MT · без озвучки	1152.0	-20.1	-40.7	20.6	1789222005365	133	397
1789222011398	asr	ru2pt	Я помню, как было в первый раз.	Lembro-me de como foi a primeira vez.	📖 корпус · без озвучки	2432.0	-18.3	-42.5	24.3	1789222011167	212	18
1789222018823	asr	ru2pt	Я регулярно бегаю в парке.	Eu corro regularmente no parque.	📖 корпус · без озвучки	3200.0	-17.6	-43.7	26.1	1789222018570	227	24
1789222024359	asr	ru2pt	Расскажи о своем детстве.	Fala-nos de tua infância.	📖 корпус · без озвучки	1600.0	-17.4	-45.0	27.6	1789222024176	159	22
1789222029487	asr	ru2pt	Серо горет синим пламенем.	Sero está queimando com uma chama azul.	MT (2×) · без озвучки	1856.0	-18.0	-45.8	27.8	1789222029170	161	154
1789222033937	asr	ru2pt	дело	Caso	MT · без озвучки	960.0	-19.2	-46.3	27.1	1789222033770	80	85
1789222038154	asr	ru2pt	Не спать.	Não durma.	MT · без озвучки	864.0	-19.2	-46.8	27.6	1789222037976	91	85
1789222042477	asr	ru2pt	Я работаю.	Estou trabalhando!	📖 корпус · без озвучки	960.0	-19.4	-47.4	27.9	1789222042372	83	20
