1789229227257	play_begin	/sdcard/Android/data/dev.agenttranslator/files/air/pt	82	1	3000	-20.0	15/15
1789229227307	play	tat_1035724.wav	2209.0	-20.0	-6.7	16000
1789229232783	play	tat_1061222.wav	1578.9	-20.0	11.5	16000
1789229237570	play	tat_1063144.wav	2275.6	-20.0	13.4	16000
1789229243051	play	tat_1063173.wav	2136.3	-20.0	13.7	16000
1789229248422	play	tat_1063245.wav	1996.9	-20.0	14.4	16000
1789229253644	play	tat_1063513.wav	4272.5	-20.0	11.6	16000
1789229261141	play	tat_1102494.wav	2220.1	-20.0	-0.3	16000
1789229266615	play	tat_1111735.wav	1718.3	-20.0	14.0	16000
1789229271558	play	tat_1112641.wav	2150.1	-20.0	-2.3	16000
1789229276944	play	tat_1113220.wav	2298.8	-20.0	16.7	16000
1789229282473	play	tat_1114087.wav	1695.1	-20.0	16.2	16000
1789229287404	play	tat_1146068.wav	1906.9	-20.0	-2.9	16000
1789229292525	play	tat_1172131.wav	2477.8	-20.0	-7.3	16000
1789229298250	play	tat_1179406.wav	2209.0	-20.0	-8.6	16000
1789229303697	play	tat_1323002.wav	2319.9	-20.0	8.2	16000
1789229309254	play	tat_1325544.wav	1959.2	-20.0	0.5	16000
1789229314448	play	tat_1377214.wav	1959.2	-20.0	-3.8	16000
1789229319645	play	tat_1377974.wav	2873.5	-20.0	-3.9	16000
1789229325761	play	tat_1378279.wav	1854.7	-20.0	0.3	16000
1789229330862	play	tat_1403886.wav	2030.1	-20.0	8.6	16000
1789229336144	play	tat_1475216.wav	2600.6	-20.0	-3.3	16000
1789229342001	play	tat_1512318.wav	3829.9	-20.0	-0.2	16000
1789229349057	play	tat_182184.wav	1619.6	-20.0	-5.6	16000
1789229353887	play	tat_2091856.wav	2106.3	-20.0	-4.4	16000
1789229359226	play	tat_2440707.wav	2136.3	-20.0	-2.4	16000
1789229364612	play	tat_2456371.wav	2972.2	-20.0	-2.6	16000
1789229370828	play	tat_2457867.wav	1827.6	-20.0	-4.5	16000
1789229375901	play	tat_2605491.wav	2209.0	-20.0	-4.4	16000
1789229381353	play	tat_2605494.wav	2477.8	-20.0	-3.8	16000
1789229387080	play	tat_2605538.wav	2403.3	-21.2	0.9	16000
1789229392736	play	tat_2605548.wav	2925.8	-21.9	1.0	16000
1789229398901	play	tat_2605557.wav	2115.9	-24.9	0.8	16000
1789229404244	play	tat_2605569.wav	1854.7	-20.0	-1.6	16000
1789229409330	play	tat_2605659.wav	2011.4	-20.0	0.1	16000
1789229414570	play	tat_2605771.wav	1724.1	-20.0	-0.0	16000
1789229419530	play	tat_2605785.wav	2168.2	-20.0	-0.5	16000
1789229424928	play	tat_2605840.wav	2063.7	-20.7	0.8	16000
1789229430230	play	tat_2652877.wav	2756.4	-20.0	-3.5	16000
1789229436222	play	tat_2653594.wav	2403.3	-20.8	1.0	16000
1789229441857	play	tat_2655068.wav	1906.9	-20.0	0.1	16000
1789229447006	play	tat_2668473.wav	2507.8	-20.0	-4.8	16000
1789229452771	play	tat_2699854.wav	2168.2	-20.0	-1.6	16000
1789229458182	play	tat_2699911.wav	2168.2	-21.9	0.8	16000
1789229463598	play	tat_2699935.wav	2220.4	-20.0	0.8	16000
1789229469054	play	tat_2700870.wav	2377.1	-20.7	0.8	16000
1789229474670	play	tat_2701929.wav	2507.8	-21.2	0.9	16000
1789229480408	play	tat_2702923.wav	1827.6	-20.0	-7.4	16000
1789229485477	play	tat_2703232.wav	2115.9	-20.0	0.7	16000
1789229490850	play	tat_2703234.wav	2403.3	-20.0	-0.2	16000
1789229496505	play	tat_340439.wav	3179.9	-20.0	-2.4	16000
1789229502946	play	tat_3489553.wav	1920.5	-20.0	-2.5	16000
1789229508092	play	tat_369537.wav	862.1	-20.0	-3.6	16000
1789229512190	play	tat_376502.wav	1470.1	-20.1	1.8	16000
1789229516854	play	tat_395112.wav	1270.1	-20.0	-4.0	16000
1789229521342	play	tat_5080466.wav	2600.6	-20.0	-5.2	16000
1789229527183	play	tat_514762.wav	1358.4	-20.0	-4.8	16000
1789229531776	play	tat_5150001.wav	1489.0	-20.0	0.5	16000
1789229536486	play	tat_5218298.wav	2220.4	-20.0	-3.7	16000
1789229541943	play	tat_579051.wav	2450.0	-20.0	-0.3	16000
1789229547619	play	tat_579080.wav	3200.0	-20.0	-1.1	16000
1789229554053	play	tat_579858.wav	4100.0	-21.3	0.8	16000
1789229561397	play	tat_5806748.wav	2272.7	-20.0	-2.9	16000
1789229566919	play	tat_826362.wav	2377.1	-20.0	-0.5	16000
1789229572555	play	tat_873614.wav	1610.1	-20.0	5.1	16000
1789229577412	play	tat_874775.wav	1210.1	-20.0	12.4	16000
1789229581875	play	tat_886190.wav	1973.7	-20.0	11.1	16000
1789229587070	play	tat_886196.wav	1915.7	-20.0	15.2	16000
1789229592239	play	tat_886199.wav	1265.5	-20.0	11.9	16000
1789229596743	play	tat_904446.wav	1320.1	-20.9	9.4	16000
1789229601320	play	tat_913261.wav	1420.1	-20.0	13.0	16000
1789229605989	play	tat_933784.wav	3366.9	-20.0	12.2	16000
1789229612582	play	tat_955619.wav	1802.5	-20.0	9.3	16000
1789229617610	play	tat_957924.wav	1570.1	-20.3	10.2	16000
1789229622433	play	tat_972432.wav	2205.9	-20.0	10.1	16000
1789229627878	play	tat_972580.wav	1578.9	-20.0	9.9	16000
1789229632698	play	tat_972616.wav	1671.9	-20.0	10.8	16000
1789229637591	play	tat_972647.wav	2229.1	-20.0	8.4	16000
1789229643068	play	tat_972806.wav	1486.1	-20.0	8.5	16000
1789229647802	play	tat_974376.wav	1760.1	-20.0	9.1	16000
1789229652824	play	tat_974384.wav	2029.9	-21.2	8.0	16000
1789229658053	play	tat_978052.wav	1670.1	-20.0	8.9	16000
1789229662938	play	tat_996196.wav	1610.1	-20.0	10.3	16000
1789229667751	play_end	/sdcard/Android/data/dev.agenttranslator/files/air/pt
