серия	запись	ослабление_дБ	усиление	режим	авто_с_дБ	WER_%	чисто_%	WER_чистых_%	речь_дБ	фон_дБ	перегруз_%	ограничитель_%	срез_%
1 срез и ограничитель	near-pt	0	+0	limit		15.7	88	5.0	-23.7	-49.4	0.000	0.000	0.000
1 срез и ограничитель	near-pt	0	+12	cut		30.3	71	7.9	-12.4	-37.2	0.000	0.000	0.724
1 срез и ограничитель	near-pt	0	+12	limit		20.9	79	5.1	-14.9	-37.3	0.000	0.070	0.000
1 срез и ограничитель	near-pt	0	+24	cut		67.4	33	12.1	-6.0	-25.1	0.000	0.000	7.954
1 срез и ограничитель	near-pt	0	+24	limit		27.9	78	9.7	-10.7	-25.8	0.000	0.370	0.000
2 тихий собеседник	near-pt	24	+0	limit		56.0	48	12.4	-47.8	-73.2	0.000	0.000	0.000
2 тихий собеседник	near-pt	24	+12	limit		27.6	76	7.0	-35.5	-61.3	0.000	0.000	0.000
2 тихий собеседник	near-pt	24	+24	limit		15.4	88	4.8	-23.7	-49.3	0.000	0.000	0.000
3 калибровка	far-pt	0	+0	limit		30.6	82	17.5	-30.8	-50.0	0.000	0.000	0.000
3 калибровка	near-ru	0	+0	limit		5.0	96	3.0	-25.4	-52.2	0.000	0.000	0.000
3 калибровка	noisy-pt	0	+0	limit		49.8	65	19.8	-23.4	-42.1	0.000	0.000	0.000
4 авто с нуля	far-pt	0	авто	limit	0	25.9	83	11.3	-23.7	-42.9	0.000	0.000	0.000
4 авто с нуля	near-pt	0	авто	limit	0	15.9	88	5.3	-23.9	-49.8	0.000	0.001	0.000
4 авто с нуля	near-pt	24	авто	limit	0	27.1	78	4.6	-24.9	-50.4	0.000	0.000	0.000
5 авто с памятью	near-pt	24	авто	limit	23	15.9	88	5.3	-24.7	-50.3	0.000	0.000	0.000
5 авто с памятью	near-pt	0	авто	limit	23	15.9	88	5.3	-23.8	-49.6	0.000	0.008	0.000
