серия	вид	окно_с	кадр/с	главный	RenderThread	процесс	SurfaceFlinger	кадр50	кадр90	GPU50	GPU90
1	none	10.4	0.0	0	0	3	26				
1	spin	10.4	61.0	95	263	497	392	7	9	2	3
1	pulse	10.2	59.8	89	261	499	368	7	9	2	4
1	spin-draw	10.4	60.4	119	335	625	476	15	17	10	11
1	pulse-draw	10.2	57.1	104	263	518	450	7	9	3	3
1	pulse-draw	10.4	57.1	102	260	506	437	7	9	3	3
1	spin-draw	10.4	60.6	120	338	623	471	11	15	4	11
1	pulse	10.4	59.6	93	267	515	421	7	9	3	4
1	spin	10.3	60.7	130	423	737	438	11	15	3	10
1	none	10.4	0.0	0	0	4	35				
1	none	10.3	0.0	0	0	4	20				
1	spin	10.3	60.8	128	433	757	441	15	17	9	11
1	pulse	10.3	59.7	94	269	512	435	7	9	3	3
1	spin-draw	10.3	60.7	116	322	591	473	8	10	2	3
1	pulse-draw	10.4	57.1	100	263	513	452	8	9	3	3
2	pulse	10.2	59.7	82	210	392	354	5	9	2	3
2	pulse30	10.2	25.4	84	201	369	288	11	14	2	3
2	pulse30	10.4	25.2	92	273	473	298	15	16	3	4
2	pulse	10.4	58.8	92	279	506	370	7	15	3	4
2	pulse30	10.4	26.7	74	198	364	262	11	15	2	3
2	pulse30	10.4	25.2	87	265	474	300	14	16	3	5
2	pulse	10.3	59.6	92	259	496	412	7	9	3	4
