серия	запись	ослабление_дБ	усиление	режим	вид	усиление_дБ	речь_дБ	фон_дБ	запас_дБ	перегруз_%	ограничитель_%	срез_%
1 срез и ограничитель	near-pt	0	+0	limit	asr	0.0	-23.7	-49.5	25.8	0.000	0.000	0.000
1 срез и ограничитель	near-pt	0	+0	limit	asr	0.0	-21.5	-49.8	28.3	0.000	0.000	0.000
1 срез и ограничитель	near-pt	0	+0	limit	asr	0.0	-21.3	-48.1	26.8	0.000	0.000	0.000
1 срез и ограничитель	near-pt	0	+0	limit	asr	0.0	-21.8	-49.2	27.4	0.000	0.000	0.000
1 срез и ограничитель	near-pt	0	+0	limit	asr	0.0	-22.5	-48.4	25.9	0.000	0.000	0.000
1 срез и ограничитель	near-pt	0	+0	limit	asr	0.0	-19.9	-40.9	21.0	0.000	0.000	0.000
1 срез и ограничитель	near-pt	0	+0	limit	asr	0.0	-28.1	-48.2	20.1	0.000	0.000	0.000
1 срез и ограничитель	near-pt	0	+0	limit	asr	0.0	-25.4	-48.8	23.4	0.000	0.000	0.000
1 срез и ограничитель	near-pt	0	+0	limit	skip_lang	0.0	-33.3	-49.5	16.2	0.000	0.000	0.000
1 срез и ограничитель	near-pt	0	+0	limit	asr	0.0	-20.7	-49.2	28.5	0.000	0.000	0.000
1 срез и ограничитель	near-pt	0	+0	limit	asr	0.0	-23.9	-48.7	24.8	0.000	0.000	0.000
1 срез и ограничитель	near-pt	0	+0	limit	asr	0.0	-21.9	-49.2	27.3	0.000	0.000	0.000
1 срез и ограничитель	near-pt	0	+0	limit	asr	0.0	-24.0	-50.3	26.3	0.000	0.000	0.000
1 срез и ограничитель	near-pt	0	+0	limit	asr	0.0	-23.4	-49.7	26.3	0.000	0.000	0.000
1 срез и ограничитель	near-pt	0	+0	limit	asr	0.0	-22.4	-50.0	27.6	0.000	0.000	0.000
1 срез и ограничитель	near-pt	0	+0	limit	asr	0.0	-23.3	-49.7	26.4	0.000	0.000	0.000
1 срез и ограничитель	near-pt	0	+0	limit	asr	0.0	-25.8	-50.3	24.5	0.000	0.000	0.000
1 срез и ограничитель	near-pt	0	+0	limit	asr	0.0	-27.0	-47.3	20.3	0.000	0.000	0.000
1 срез и ограничитель	near-pt	0	+0	limit	asr	0.0	-22.3	-50.8	28.5	0.000	0.000	0.000
1 срез и ограничитель	near-pt	0	+0	limit	asr	0.0	-21.2	-50.2	29.0	0.000	0.000	0.000
1 срез и ограничитель	near-pt	0	+0	limit	asr	0.0	-23.8	-46.4	22.6	0.000	0.000	0.000
1 срез и ограничитель	near-pt	0	+0	limit	asr	0.0	-27.8	-49.1	21.3	0.000	0.000	0.000
1 срез и ограничитель	near-pt	0	+0	limit	asr	0.0	-23.7	-50.3	26.6	0.000	0.000	0.000
1 срез и ограничитель	near-pt	0	+0	limit	asr	0.0	-23.1	-48.4	25.3	0.000	0.000	0.000
1 срез и ограничитель	near-pt	0	+0	limit	asr	0.0	-20.7	-49.4	28.7	0.000	0.000	0.000
1 срез и ограничитель	near-pt	0	+0	limit	asr	0.0	-25.4	-48.4	23.0	0.000	0.000	0.000
1 срез и ограничитель	near-pt	0	+0	limit	asr	0.0	-25.0	-47.0	22.0	0.000	0.000	0.000
1 срез и ограничитель	near-pt	0	+0	limit	asr	0.0	-22.6	-48.6	26.0	0.000	0.000	0.000
1 срез и ограничитель	near-pt	0	+0	limit	asr	0.0	-24.3	-49.9	25.6	0.000	0.000	0.000
1 срез и ограничитель	near-pt	0	+0	limit	asr	0.0	-23.9	-47.8	23.9	0.000	0.000	0.000
1 срез и ограничитель	near-pt	0	+0	limit	asr	0.0	-23.3	-49.6	26.3	0.000	0.000	0.000
1 срез и ограничитель	near-pt	0	+0	limit	asr	0.0	-22.2	-50.6	28.4	0.000	0.000	0.000
1 срез и ограничитель	near-pt	0	+0	limit	asr	0.0	-22.8	-49.5	26.7	0.000	0.000	0.000
1 срез и ограничитель	near-pt	0	+0	limit	asr	0.0	-23.8	-50.5	26.7	0.000	0.000	0.000
1 срез и ограничитель	near-pt	0	+0	limit	asr	0.0	-21.7	-50.4	28.7	0.000	0.000	0.000
1 срез и ограничитель	near-pt	0	+0	limit	asr	0.0	-24.3	-48.6	24.3	0.000	0.000	0.000
1 срез и ограничитель	near-pt	0	+0	limit	asr	0.0	-24.4	-49.3	24.9	0.000	0.000	0.000
1 срез и ограничитель	near-pt	0	+0	limit	asr	0.0	-24.0	-47.7	23.7	0.000	0.000	0.000
1 срез и ограничитель	near-pt	0	+0	limit	asr	0.0	-21.3	-49.5	28.2	0.000	0.000	0.000
1 срез и ограничитель	near-pt	0	+0	limit	asr	0.0	-24.6	-49.7	25.1	0.000	0.000	0.000
1 срез и ограничитель	near-pt	0	+0	limit	asr	0.0	-25.0	-49.2	24.2	0.000	0.000	0.000
1 срез и ограничитель	near-pt	0	+0	limit	asr	0.0	-22.1	-48.8	26.7	0.000	0.000	0.000
1 срез и ограничитель	near-pt	0	+0	limit	asr	0.0	-24.0	-49.7	25.7	0.000	0.000	0.000
1 срез и ограничитель	near-pt	0	+0	limit	asr	0.0	-24.9	-46.8	21.9	0.000	0.000	0.000
1 срез и ограничитель	near-pt	0	+0	limit	asr	0.0	-27.2	-49.1	21.9	0.000	0.000	0.000
1 срез и ограничитель	near-pt	0	+0	limit	asr	0.0	-21.7	-50.0	28.3	0.000	0.000	0.000
1 срез и ограничитель	near-pt	0	+0	limit	asr	0.0	-23.5	-50.7	27.2	0.000	0.000	0.000
1 срез и ограничитель	near-pt	0	+0	limit	asr	0.0	-21.5	-49.0	27.5	0.000	0.000	0.000
1 срез и ограничитель	near-pt	0	+0	limit	asr	0.0	-23.4	-50.6	27.2	0.000	0.000	0.000
1 срез и ограничитель	near-pt	0	+0	limit	asr	0.0	-24.5	-49.4	24.9	0.000	0.000	0.000
1 срез и ограничитель	near-pt	0	+0	limit	asr	0.0	-24.3	-50.6	26.3	0.000	0.000	0.000
1 срез и ограничитель	near-pt	0	+0	limit	asr	0.0	-27.9	-50.2	22.3	0.000	0.000	0.000
1 срез и ограничитель	near-pt	0	+0	limit	asr	0.0	-29.8	-48.6	18.8	0.000	0.000	0.000
1 срез и ограничитель	near-pt	0	+0	limit	asr	0.0	-26.8	-48.4	21.6	0.000	0.000	0.000
1 срез и ограничитель	near-pt	0	+0	limit	asr	0.0	-23.8	-47.5	23.7	0.000	0.000	0.000
1 срез и ограничитель	near-pt	0	+0	limit	asr	0.0	-23.1	-48.7	25.6	0.000	0.000	0.000
1 срез и ограничитель	near-pt	0	+0	limit	asr	0.0	-22.3	-49.9	27.6	0.000	0.000	0.000
1 срез и ограничитель	near-pt	0	+0	limit	asr	0.0	-29.9	-49.2	19.3	0.000	0.000	0.000
1 срез и ограничитель	near-pt	0	+0	limit	asr	0.0	-29.0	-49.6	20.6	0.000	0.000	0.000
1 срез и ограничитель	near-pt	0	+0	limit	asr	0.0	-28.2	-47.8	19.6	0.000	0.000	0.000
1 срез и ограничитель	near-pt	0	+0	limit	asr	0.0	-21.2	-50.0	28.8	0.000	0.000	0.000
1 срез и ограничитель	near-pt	0	+0	limit	asr	0.0	-22.7	-49.4	26.7	0.000	0.000	0.000
1 срез и ограничитель	near-pt	0	+0	limit	asr	0.0	-26.6	-49.1	22.5	0.000	0.000	0.000
1 срез и ограничитель	near-pt	0	+0	limit	asr	0.0	-27.4	-49.2	21.8	0.000	0.000	0.000
1 срез и ограничитель	near-pt	0	+0	limit	asr	0.0	-27.2	-49.9	22.7	0.000	0.000	0.000
1 срез и ограничитель	near-pt	0	+0	limit	asr	0.0	-21.4	-49.1	27.7	0.000	0.000	0.000
1 срез и ограничитель	near-pt	0	+0	limit	asr	0.0	-22.5	-49.2	26.7	0.000	0.000	0.000
1 срез и ограничитель	near-pt	0	+0	limit	asr	0.0	-22.1	-49.8	27.7	0.000	0.000	0.000
1 срез и ограничитель	near-pt	0	+0	limit	asr	0.0	-22.6	-49.9	27.3	0.000	0.000	0.000
1 срез и ограничитель	near-pt	0	+0	limit	asr	0.0	-20.8	-47.8	27.0	0.000	0.000	0.000
1 срез и ограничитель	near-pt	0	+0	limit	asr	0.0	-24.0	-49.6	25.6	0.000	0.000	0.000
1 срез и ограничитель	near-pt	0	+0	limit	asr	0.0	-21.8	-50.2	28.4	0.000	0.000	0.000
1 срез и ограничитель	near-pt	0	+0	limit	asr	0.0	-23.7	-49.5	25.8	0.000	0.000	0.000
1 срез и ограничитель	near-pt	0	+12	cut	asr	12.0	-12.0	-36.5	24.5	0.000	0.000	1.013
1 срез и ограничитель	near-pt	0	+12	cut	asr	12.0	-9.8	-35.0	25.2	0.000	0.000	2.638
1 срез и ограничитель	near-pt	0	+12	cut	asr	12.0	-10.0	-38.5	28.5	0.000	0.000	1.683
1 срез и ограничитель	near-pt	0	+12	cut	asr	12.0	-11.1	-36.3	25.2	0.000	0.000	0.738
1 срез и ограничитель	near-pt	0	+12	cut	asr	12.0	-8.5	-25.0	16.5	0.000	0.000	2.539
1 срез и ограничитель	near-pt	0	+12	cut	asr	12.0	-16.1	-36.2	20.1	0.000	0.000	0.006
1 срез и ограничитель	near-pt	0	+12	cut	asr	12.0	-13.5	-36.9	23.4	0.000	0.000	0.160
1 срез и ограничитель	near-pt	0	+12	cut	skip_lang	12.0	-21.3	-37.3	16.0	0.000	0.000	0.000
1 срез и ограничитель	near-pt	0	+12	cut	asr	12.0	-9.4	-37.2	27.8	0.000	0.000	2.143
1 срез и ограничитель	near-pt	0	+12	cut	asr	12.0	-12.2	-36.7	24.5	0.000	0.000	0.562
1 срез и ограничитель	near-pt	0	+12	cut	asr	12.0	-10.5	-37.2	26.7	0.000	0.000	1.308
1 срез и ограничитель	near-pt	0	+12	cut	asr	12.0	-12.8	-38.3	25.5	0.000	0.000	0.671
1 срез и ограничитель	near-pt	0	+12	cut	asr	12.0	-12.2	-37.6	25.4	0.000	0.000	1.023
1 срез и ограничитель	near-pt	0	+12	cut	asr	12.0	-11.1	-37.8	26.7	0.000	0.000	1.371
1 срез и ограничитель	near-pt	0	+12	cut	asr	12.0	-11.7	-37.7	26.0	0.000	0.000	0.784
1 срез и ограничитель	near-pt	0	+12	cut	asr	12.0	-14.4	-38.3	23.9	0.000	0.000	0.367
1 срез и ограничитель	near-pt	0	+12	cut	asr	12.0	-15.6	-36.6	21.0	0.000	0.000	0.204
1 срез и ограничитель	near-pt	0	+12	cut	asr	12.0	-10.9	-38.8	27.9	0.000	0.000	0.907
1 срез и ограничитель	near-pt	0	+12	cut	asr	12.0	-9.9	-37.6	27.7	0.000	0.000	1.988
1 срез и ограничитель	near-pt	0	+12	cut	asr	12.0	-15.8	-37.1	21.3	0.000	0.000	0.026
1 срез и ограничитель	near-pt	0	+12	cut	asr	12.0	-11.9	-38.3	26.4	0.000	0.000	0.473
1 срез и ограничитель	near-pt	0	+12	cut	asr	12.0	-11.5	-36.4	24.9	0.000	0.000	0.803
1 срез и ограничитель	near-pt	0	+12	cut	asr	12.0	-9.3	-37.4	28.1	0.000	0.000	1.626
1 срез и ограничитель	near-pt	0	+12	cut	asr	12.0	-13.8	-36.4	22.6	0.000	0.000	0.381
1 срез и ограничитель	near-pt	0	+12	cut	asr	12.0	-18.8	-36.7	17.9	0.000	0.000	0.000
1 срез и ограничитель	near-pt	0	+12	cut	asr	12.0	-12.5	-32.0	19.5	0.000	0.000	0.437
1 срез и ограничитель	near-pt	0	+12	cut	asr	12.0	-11.0	-35.8	24.8	0.000	0.000	1.353
1 срез и ограничитель	near-pt	0	+12	cut	asr	12.0	-12.7	-37.8	25.1	0.000	0.000	0.519
1 срез и ограничитель	near-pt	0	+12	cut	asr	12.0	-12.4	-35.5	23.1	0.000	0.000	0.425
1 срез и ограничитель	near-pt	0	+12	cut	asr	12.0	-12.7	-37.1	24.4	0.000	0.000	0.474
1 срез и ограничитель	near-pt	0	+12	cut	asr	12.0	-13.8	-38.0	24.2	0.000	0.000	0.229
1 срез и ограничитель	near-pt	0	+12	cut	asr	12.0	-12.7	-35.7	23.0	0.000	0.000	0.909
1 срез и ограничитель	near-pt	0	+12	cut	asr	12.0	-15.9	-37.2	21.3	0.000	0.000	0.027
1 срез и ограничитель	near-pt	0	+12	cut	skip_short	12.0	-10.4	-36.4	26.0	0.000	0.000	1.450
1 срез и ограничитель	near-pt	0	+12	cut	asr	12.0	-13.2	-35.7	22.5	0.000	0.000	0.308
1 срез и ограничитель	near-pt	0	+12	cut	asr	12.0	-15.3	-37.0	21.7	0.000	0.000	0.099
1 срез и ограничитель	near-pt	0	+12	cut	asr	12.0	-10.4	-38.0	27.6	0.000	0.000	1.555
1 срез и ограничитель	near-pt	0	+12	cut	asr	12.0	-11.7	-38.5	26.8	0.000	0.000	0.510
1 срез и ограничитель	near-pt	0	+12	cut	asr	12.0	-12.9	-37.5	24.6	0.000	0.000	0.669
1 срез и ограничитель	near-pt	0	+12	cut	asr	12.0	-12.8	-38.6	25.8	0.000	0.000	0.460
1 срез и ограничитель	near-pt	0	+12	cut	asr	12.0	-16.0	-38.2	22.2	0.000	0.000	0.059
1 срез и ограничитель	near-pt	0	+12	cut	asr	12.0	-17.5	-35.8	18.3	0.000	0.000	0.038
1 срез и ограничитель	near-pt	0	+12	cut	asr	12.0	-14.6	-34.6	20.0	0.000	0.000	0.195
1 срез и ограничитель	near-pt	0	+12	cut	asr	12.0	-11.9	-35.7	23.8	0.000	0.000	0.303
1 срез и ограничитель	near-pt	0	+12	cut	asr	12.0	-11.7	-36.7	25.0	0.000	0.000	0.930
1 срез и ограничитель	near-pt	0	+12	cut	asr	12.0	-11.3	-37.9	26.6	0.000	0.000	0.875
1 срез и ограничитель	near-pt	0	+12	cut	asr	12.0	-17.9	-37.2	19.3	0.000	0.000	0.000
1 срез и ограничитель	near-pt	0	+12	cut	asr	12.0	-17.0	-37.6	20.6	0.000	0.000	0.038
1 срез и ограничитель	near-pt	0	+12	cut	asr	12.0	-16.2	-35.8	19.6	0.000	0.000	0.030
1 срез и ограничитель	near-pt	0	+12	cut	asr	12.0	-11.2	-37.5	26.3	0.000	0.000	0.953
1 срез и ограничитель	near-pt	0	+12	cut	asr	12.0	-14.4	-35.0	20.6	0.000	0.000	0.101
1 срез и ограничитель	near-pt	0	+12	cut	asr	12.0	-15.4	-37.2	21.8	0.000	0.000	0.054
1 срез и ограничитель	near-pt	0	+12	cut	asr	12.0	-17.6	-38.6	21.0	0.000	0.000	0.015
1 срез и ограничитель	near-pt	0	+12	cut	asr	12.0	-9.9	-35.5	25.6	0.000	0.000	1.547
1 срез и ограничитель	near-pt	0	+12	cut	asr	12.0	-11.2	-37.2	26.0	0.000	0.000	1.632
1 срез и ограничитель	near-pt	0	+12	cut	asr	12.0	-10.8	-37.8	27.0	0.000	0.000	1.219
1 срез и ограничитель	near-pt	0	+12	cut	asr	12.0	-12.6	-37.8	25.2	0.000	0.000	0.676
1 срез и ограничитель	near-pt	0	+12	cut	asr	12.0	-9.3	-35.8	26.5	0.000	0.000	1.495
1 срез и ограничитель	near-pt	0	+12	cut	asr	12.0	-12.4	-38.0	25.6	0.000	0.000	0.502
1 срез и ограничитель	near-pt	0	+12	cut	asr	12.0	-11.6	-38.2	26.6	0.000	0.000	0.606
1 срез и ограничитель	near-pt	0	+12	cut	skip_lang	12.0	-14.1	-38.2	24.1	0.000	0.000	0.074
1 срез и ограничитель	near-pt	0	+12	limit	asr	12.0	-15.8	-37.3	21.5	0.000	0.075	0.000
1 срез и ограничитель	near-pt	0	+12	limit	asr	12.0	-13.8	-37.2	23.4	0.000	0.138	0.000
1 срез и ограничитель	near-pt	0	+12	limit	asr	12.0	-13.3	-35.1	21.8	0.000	0.192	0.000
1 срез и ограничитель	near-pt	0	+12	limit	asr	12.0	-13.8	-38.5	24.7	0.000	0.124	0.000
1 срез и ограничитель	near-pt	0	+12	limit	asr	12.0	-13.9	-36.5	22.6	0.000	0.089	0.000
1 срез и ограничитель	near-pt	0	+12	limit	asr	12.0	-12.4	-30.1	17.7	0.000	0.209	0.000
1 срез и ограничитель	near-pt	0	+12	limit	asr	12.0	-16.4	-36.2	19.8	0.000	0.008	0.000
1 срез и ограничитель	near-pt	0	+12	limit	asr	12.0	-15.7	-36.9	21.2	0.000	0.050	0.000
1 срез и ограничитель	near-pt	0	+12	limit	skip_lang	12.0	-21.3	-37.3	16.0	0.000	0.000	0.000
1 срез и ограничитель	near-pt	0	+12	limit	asr	12.0	-12.9	-37.2	24.3	0.000	0.193	0.000
1 срез и ограничитель	near-pt	0	+12	limit	asr	12.0	-14.5	-36.7	22.2	0.000	0.090	0.000
1 срез и ограничитель	near-pt	0	+12	limit	asr	12.0	-13.8	-37.2	23.4	0.000	0.090	0.000
1 срез и ограничитель	near-pt	0	+12	limit	asr	12.0	-15.7	-38.3	22.6	0.000	0.066	0.000
1 срез и ограничитель	near-pt	0	+12	limit	asr	12.0	-15.2	-37.6	22.4	0.000	0.082	0.000
1 срез и ограничитель	near-pt	0	+12	limit	asr	12.0	-14.6	-37.9	23.3	0.000	0.104	0.000
1 срез и ограничитель	near-pt	0	+12	limit	asr	12.0	-15.0	-37.8	22.8	0.000	0.074	0.000
1 срез и ограничитель	near-pt	0	+12	limit	asr	12.0	-17.2	-38.3	21.1	0.000	0.040	0.000
1 срез и ограничитель	near-pt	0	+12	limit	asr	12.0	-17.2	-36.6	19.4	0.000	0.025	0.000
1 срез и ограничитель	near-pt	0	+12	limit	asr	12.0	-14.2	-38.8	24.6	0.000	0.072	0.000
1 срез и ограничитель	near-pt	0	+12	limit	asr	12.0	-13.4	-38.2	24.8	0.000	0.093	0.000
1 срез и ограничитель	near-pt	0	+12	limit	asr	12.0	-16.6	-37.1	20.5	0.000	0.013	0.000
1 срез и ограничитель	near-pt	0	+12	limit	asr	12.0	-14.5	-38.3	23.8	0.000	0.068	0.000
1 срез и ограничитель	near-pt	0	+12	limit	asr	12.0	-14.5	-36.8	22.3	0.000	0.080	0.000
1 срез и ограничитель	near-pt	0	+12	limit	asr	12.0	-12.7	-37.6	24.9	0.000	0.109	0.000
1 срез и ограничитель	near-pt	0	+12	limit	asr	12.0	-16.0	-35.9	19.9	0.000	0.059	0.000
1 срез и ограничитель	near-pt	0	+12	limit	asr	12.0	-18.8	-36.7	17.9	0.000	0.000	0.000
1 срез и ограничитель	near-pt	0	+12	limit	asr	12.0	-15.9	-35.1	19.2	0.000	0.076	0.000
1 срез и ограничитель	near-pt	0	+12	limit	asr	12.0	-14.4	-37.0	22.6	0.000	0.090	0.000
1 срез и ограничитель	near-pt	0	+12	limit	asr	12.0	-15.1	-37.8	22.7	0.000	0.070	0.000
1 срез и ограничитель	near-pt	0	+12	limit	asr	12.0	-14.8	-35.6	20.8	0.000	0.061	0.000
1 срез и ограничитель	near-pt	0	+12	limit	asr	12.0	-13.7	-38.5	24.8	0.000	0.108	0.000
1 срез и ограничитель	near-pt	0	+12	limit	asr	12.0	-13.9	-37.5	23.6	0.000	0.083	0.000
1 срез и ограничитель	near-pt	0	+12	limit	asr	12.0	-13.0	-38.4	25.4	0.000	0.133	0.000
1 срез и ограничитель	near-pt	0	+12	limit	asr	12.0	-15.0	-37.1	22.1	0.000	0.075	0.000
1 срез и ограничитель	near-pt	0	+12	limit	asr	12.0	-15.7	-37.9	22.2	0.000	0.033	0.000
1 срез и ограничитель	near-pt	0	+12	limit	asr	12.0	-15.4	-35.0	19.6	0.000	0.083	0.000
1 срез и ограничитель	near-pt	0	+12	limit	skip_short	12.0	-26.3	-37.9	11.6	0.000	0.000	0.000
1 срез и ограничитель	near-pt	0	+12	limit	asr	12.0	-13.2	-37.0	23.8	0.000	0.144	0.000
1 срез и ограничитель	near-pt	0	+12	limit	asr	12.0	-15.2	-37.4	22.2	0.000	0.058	0.000
1 срез и ограничитель	near-pt	0	+12	limit	asr	12.0	-15.6	-36.9	21.3	0.000	0.032	0.000
1 срез и ограничитель	near-pt	0	+12	limit	asr	12.0	-13.7	-37.0	23.3	0.000	0.093	0.000
1 срез и ограничитель	near-pt	0	+12	limit	asr	12.0	-14.6	-35.7	21.1	0.000	0.064	0.000
1 срез и ограничитель	near-pt	0	+12	limit	asr	12.0	-16.0	-37.0	21.0	0.000	0.026	0.000
1 срез и ограничитель	near-pt	0	+12	limit	asr	12.0	-13.8	-38.0	24.2	0.000	0.096	0.000
1 срез и ограничитель	near-pt	0	+12	limit	asr	12.0	-14.4	-38.5	24.1	0.000	0.070	0.000
1 срез и ограничитель	near-pt	0	+12	limit	asr	12.0	-15.8	-37.5	21.7	0.000	0.060	0.000
1 срез и ограничитель	near-pt	0	+12	limit	asr	12.0	-16.1	-38.8	22.7	0.000	0.036	0.000
1 срез и ограничитель	near-pt	0	+12	limit	asr	12.0	-17.1	-38.3	21.2	0.000	0.028	0.000
1 срез и ограничитель	near-pt	0	+12	limit	asr	12.0	-18.2	-35.8	17.6	0.000	0.007	0.000
1 срез и ограничитель	near-pt	0	+12	limit	asr	12.0	-16.1	-34.6	18.5	0.000	0.032	0.000
1 срез и ограничитель	near-pt	0	+12	limit	asr	12.0	-14.2	-35.7	21.5	0.000	0.044	0.000
1 срез и ограничитель	near-pt	0	+12	limit	asr	12.0	-14.6	-36.7	22.1	0.000	0.069	0.000
1 срез и ограничитель	near-pt	0	+12	limit	asr	12.0	-14.5	-37.9	23.4	0.000	0.051	0.000
1 срез и ограничитель	near-pt	0	+12	limit	asr	12.0	-17.9	-37.2	19.3	0.000	0.000	0.000
1 срез и ограничитель	near-pt	0	+12	limit	asr	12.0	-18.2	-37.6	19.4	0.000	0.016	0.000
1 срез и ограничитель	near-pt	0	+12	limit	asr	12.0	-17.1	-35.8	18.7	0.000	0.015	0.000
1 срез и ограничитель	near-pt	0	+12	limit	asr	12.0	-14.0	-37.6	23.6	0.000	0.052	0.000
1 срез и ограничитель	near-pt	0	+12	limit	asr	12.0	-15.4	-35.0	19.6	0.000	0.032	0.000
1 срез и ограничитель	near-pt	0	+12	limit	asr	12.0	-16.7	-37.2	20.5	0.000	0.016	0.000
1 срез и ограничитель	near-pt	0	+12	limit	asr	12.0	-18.6	-38.6	20.0	0.000	0.008	0.000
1 срез и ограничитель	near-pt	0	+12	limit	asr	12.0	-13.8	-37.7	23.9	0.000	0.117	0.000
1 срез и ограничитель	near-pt	0	+12	limit	asr	12.0	-14.9	-37.4	22.5	0.000	0.095	0.000
1 срез и ограничитель	near-pt	0	+12	limit	asr	12.0	-14.1	-37.9	23.8	0.000	0.099	0.000
1 срез и ограничитель	near-pt	0	+12	limit	asr	12.0	-13.9	-38.0	24.1	0.000	0.092	0.000
1 срез и ограничитель	near-pt	0	+12	limit	asr	12.0	-12.7	-35.6	22.9	0.000	0.119	0.000
1 срез и ограничитель	near-pt	0	+12	limit	asr	12.0	-15.0	-38.0	23.0	0.000	0.048	0.000
1 срез и ограничитель	near-pt	0	+12	limit	asr	12.0	-13.6	-37.9	24.3	0.000	0.119	0.000
1 срез и ограничитель	near-pt	0	+12	limit	skip_lang	12.0	-13.8	-38.2	24.4	0.000	0.036	0.000
1 срез и ограничитель	near-pt	0	+24	cut	asr	24.0	-5.5	-22.9	17.4	0.000	0.000	10.640
1 срез и ограничитель	near-pt	0	+24	cut	asr	24.0	-6.2	-25.2	19.0	0.000	0.000	4.068
1 срез и ограничитель	near-pt	0	+24	cut	asr	24.0	-5.5	-24.9	19.4	0.000	0.000	7.641
1 срез и ограничитель	near-pt	0	+24	cut	skip_lang	24.0	-9.4	-24.5	15.1	0.000	0.000	0.173
1 срез и ограничитель	near-pt	0	+24	cut	asr	24.0	-4.4	-24.7	20.3	0.000	0.000	17.150
1 срез и ограничитель	near-pt	0	+24	cut	asr	24.0	-2.0	-13.3	11.3	0.000	0.000	20.665
1 срез и ограничитель	near-pt	0	+24	cut	asr	24.0	-4.9	-25.1	20.2	0.000	0.000	13.888
1 срез и ограничитель	near-pt	0	+24	cut	asr	24.0	-6.4	-26.3	19.9	0.000	0.000	5.213
1 срез и ограничитель	near-pt	0	+24	cut	asr	24.0	-6.2	-23.3	17.1	0.000	0.000	6.077
1 срез и ограничитель	near-pt	0	+24	cut	asr	24.0	-5.8	-22.9	17.1	0.000	0.000	6.469
1 срез и ограничитель	near-pt	0	+24	cut	asr	24.0	-5.2	-25.3	20.1	0.000	0.000	9.668
1 срез и ограничитель	near-pt	0	+24	cut	asr	24.0	-7.5	-25.5	18.0	0.000	0.000	2.727
1 срез и ограничитель	near-pt	0	+24	cut	asr	24.0	-5.7	-25.5	19.8	0.000	0.000	8.710
1 срез и ограничитель	near-pt	0	+24	cut	asr	24.0	-5.6	-25.0	19.4	0.000	0.000	9.410
1 срез и ограничитель	near-pt	0	+24	cut	silence	24.0	-7.1	-24.3	17.2	0.000	0.000	3.799
1 срез и ограничитель	near-pt	0	+24	cut	asr	24.0	-6.2	-24.5	18.3	0.000	0.000	6.237
1 срез и ограничитель	near-pt	0	+24	cut	asr	24.0	-4.1	-24.6	20.5	0.000	0.000	19.796
1 срез и ограничитель	near-pt	0	+24	cut	asr	24.0	-4.9	-26.9	22.0	0.000	0.000	9.634
1 срез и ограничитель	near-pt	0	+24	cut	asr	24.0	-4.7	-26.3	21.6	0.000	0.000	11.489
1 срез и ограничитель	near-pt	0	+24	cut	asr	24.0	-5.5	-26.9	21.4	0.000	0.000	6.586
1 срез и ограничитель	near-pt	0	+24	cut	asr	24.0	-7.2	-26.3	19.1	0.000	0.000	5.538
1 срез и ограничитель	near-pt	0	+24	cut	asr	24.0	-7.4	-24.1	16.7	0.000	0.000	2.832
1 срез и ограничитель	near-pt	0	+24	cut	silence	24.0	-1.5	-11.6	10.1	0.000	0.000	20.959
1 срез и ограничитель	near-pt	0	+24	cut	silence	24.0	-11.7	-24.2	12.5	0.000	0.000	0.000
1 срез и ограничитель	near-pt	0	+24	cut	asr	24.0	-4.9	-25.6	20.7	0.000	0.000	8.564
1 срез и ограничитель	near-pt	0	+24	cut	asr	24.0	-7.0	-25.2	18.2	0.000	0.000	3.064
1 срез и ограничитель	near-pt	0	+24	cut	asr	24.0	-7.4	-25.6	18.2	0.000	0.000	3.531
1 срез и ограничитель	near-pt	0	+24	cut	asr	24.0	-6.6	-23.7	17.1	0.000	0.000	4.632
1 срез и ограничитель	near-pt	0	+24	cut	asr	24.0	-3.5	-18.0	14.5	0.000	0.000	16.800
1 срез и ограничитель	near-pt	0	+24	cut	skip_short	24.0	-7.9	-25.2	17.3	0.000	0.000	2.455
1 срез и ограничитель	near-pt	0	+24	cut	asr	24.0	-7.0	-25.2	18.2	0.000	0.000	3.299
1 срез и ограничитель	near-pt	0	+24	cut	asr	24.0	-8.0	-26.6	18.6	0.000	0.000	2.816
1 срез и ограничитель	near-pt	0	+24	limit	asr	24.0	-10.7	-24.5	13.8	0.000	0.338	0.000
1 срез и ограничитель	near-pt	0	+24	limit	asr	24.0	-10.3	-24.5	14.2	0.000	0.852	0.000
1 срез и ограничитель	near-pt	0	+24	limit	asr	24.0	-10.4	-24.1	13.7	0.000	0.495	0.000
1 срез и ограничитель	near-pt	0	+24	limit	asr	24.0	-10.6	-25.3	14.7	0.000	0.172	0.000
1 срез и ограничитель	near-pt	0	+24	limit	asr	24.0	-10.7	-24.9	14.2	0.000	0.157	0.000
1 срез и ограничитель	near-pt	0	+24	limit	asr	24.0	-9.7	-26.1	16.4	0.000	0.677	0.000
1 срез и ограничитель	near-pt	0	+24	limit	asr	24.0	-10.6	-25.0	14.4	0.000	0.564	0.000
1 срез и ограничитель	near-pt	0	+24	limit	asr	24.0	-10.2	-25.4	15.2	0.000	0.505	0.000
1 срез и ограничитель	near-pt	0	+24	limit	asr	24.0	-10.9	-26.3	15.4	0.000	0.310	0.000
1 срез и ограничитель	near-pt	0	+24	limit	asr	24.0	-10.8	-25.6	14.8	0.000	0.431	0.000
1 срез и ограничитель	near-pt	0	+24	limit	asr	24.0	-10.7	-26.2	15.5	0.000	0.513	0.000
1 срез и ограничитель	near-pt	0	+24	limit	asr	24.0	-10.8	-25.9	15.1	0.000	0.349	0.000
1 срез и ограничитель	near-pt	0	+24	limit	asr	24.0	-11.4	-26.3	14.9	0.000	0.201	0.000
1 срез и ограничитель	near-pt	0	+24	limit	asr	24.0	-11.0	-24.6	13.6	0.000	0.227	0.000
1 срез и ограничитель	near-pt	0	+24	limit	asr	24.0	-10.4	-26.8	16.4	0.000	0.320	0.000
1 срез и ограничитель	near-pt	0	+24	limit	asr	24.0	-10.2	-26.9	16.7	0.000	0.459	0.000
1 срез и ограничитель	near-pt	0	+24	limit	asr	24.0	-10.8	-23.9	13.1	0.000	0.374	0.000
1 срез и ограничитель	near-pt	0	+24	limit	asr	24.0	-10.7	-25.8	15.1	0.000	0.215	0.000
1 срез и ограничитель	near-pt	0	+24	limit	asr	24.0	-10.7	-26.3	15.6	0.000	0.431	0.000
1 срез и ограничитель	near-pt	0	+24	limit	asr	24.0	-10.7	-25.6	14.9	0.000	0.362	0.000
1 срез и ограничитель	near-pt	0	+24	limit	asr	24.0	-9.8	-25.6	15.8	0.000	0.535	0.000
1 срез и ограничитель	near-pt	0	+24	limit	asr	24.0	-11.0	-24.5	13.5	0.000	0.375	0.000
1 срез и ограничитель	near-pt	0	+24	limit	asr	24.0	-11.3	-25.4	14.1	0.000	0.122	0.000
1 срез и ограничитель	near-pt	0	+24	limit	asr	24.0	-10.7	-23.7	13.0	0.000	0.342	0.000
1 срез и ограничитель	near-pt	0	+24	limit	asr	24.0	-10.5	-25.5	15.0	0.000	0.479	0.000
1 срез и ограничитель	near-pt	0	+24	limit	asr	24.0	-10.6	-26.2	15.6	0.000	0.381	0.000
1 срез и ограничитель	near-pt	0	+24	limit	asr	24.0	-10.7	-26.8	16.1	0.000	0.290	0.000
1 срез и ограничитель	near-pt	0	+24	limit	asr	24.0	-10.5	-26.5	16.0	0.000	0.357	0.000
1 срез и ограничитель	near-pt	0	+24	limit	asr	24.0	-10.5	-27.1	16.6	0.000	0.658	0.000
1 срез и ограничитель	near-pt	0	+24	limit	asr	24.0	-10.6	-26.1	15.5	0.000	0.517	0.000
1 срез и ограничитель	near-pt	0	+24	limit	asr	24.0	-10.1	-27.0	16.9	0.000	0.649	0.000
1 срез и ограничитель	near-pt	0	+24	limit	asr	24.0	-11.2	-26.3	15.1	0.000	0.341	0.000
1 срез и ограничитель	near-pt	0	+24	limit	asr	24.0	-10.5	-25.9	15.4	0.000	0.373	0.000
1 срез и ограничитель	near-pt	0	+24	limit	asr	24.0	-10.4	-23.7	13.3	0.000	0.400	0.000
1 срез и ограничитель	near-pt	0	+24	limit	skip_short	24.0	-14.5	-26.0	11.5	0.000	0.000	0.000
1 срез и ограничитель	near-pt	0	+24	limit	asr	24.0	-8.7	-20.0	11.3	0.000	0.791	0.000
1 срез и ограничитель	near-pt	0	+24	limit	asr	24.0	-11.0	-25.9	14.9	0.000	0.444	0.000
1 срез и ограничитель	near-pt	0	+24	limit	asr	24.0	-10.3	-25.4	15.1	0.000	0.659	0.000
1 срез и ограничитель	near-pt	0	+24	limit	asr	24.0	-9.9	-23.9	14.0	0.000	0.356	0.000
1 срез и ограничитель	near-pt	0	+24	limit	asr	24.0	-10.8	-25.5	14.7	0.000	0.252	0.000
1 срез и ограничитель	near-pt	0	+24	limit	asr	24.0	-10.3	-26.8	16.5	0.000	0.546	0.000
1 срез и ограничитель	near-pt	0	+24	limit	asr	24.0	-10.3	-25.8	15.5	0.000	0.487	0.000
1 срез и ограничитель	near-pt	0	+24	limit	asr	24.0	-10.6	-26.6	16.0	0.000	0.357	0.000
1 срез и ограничитель	near-pt	0	+24	limit	asr	24.0	-11.3	-26.1	14.8	0.000	0.354	0.000
1 срез и ограничитель	near-pt	0	+24	limit	asr	24.0	-11.3	-26.9	15.6	0.000	0.199	0.000
1 срез и ограничитель	near-pt	0	+24	limit	asr	24.0	-11.6	-26.7	15.1	0.000	0.190	0.000
1 срез и ограничитель	near-pt	0	+24	limit	asr	24.0	-11.4	-24.8	13.4	0.000	0.131	0.000
1 срез и ограничитель	near-pt	0	+24	limit	asr	24.0	-10.7	-23.3	12.6	0.000	0.303	0.000
1 срез и ограничитель	near-pt	0	+24	limit	asr	24.0	-10.2	-24.9	14.7	0.000	0.281	0.000
1 срез и ограничитель	near-pt	0	+24	limit	asr	24.0	-10.4	-25.6	15.2	0.000	0.358	0.000
1 срез и ограничитель	near-pt	0	+24	limit	asr	24.0	-11.4	-25.9	14.5	0.000	0.144	0.000
1 срез и ограничитель	near-pt	0	+24	limit	asr	24.0	-11.4	-25.1	13.7	0.000	0.184	0.000
1 срез и ограничитель	near-pt	0	+24	limit	asr	24.0	-12.0	-25.6	13.6	0.000	0.148	0.000
1 срез и ограничитель	near-pt	0	+24	limit	asr	24.0	-10.7	-24.4	13.7	0.000	0.156	0.000
1 срез и ограничитель	near-pt	0	+24	limit	asr	24.0	-10.1	-26.2	16.1	0.000	0.338	0.000
1 срез и ограничитель	near-pt	0	+24	limit	asr	24.0	-10.4	-23.3	12.9	0.000	0.302	0.000
1 срез и ограничитель	near-pt	0	+24	limit	asr	24.0	-10.9	-25.2	14.3	0.000	0.121	0.000
1 срез и ограничитель	near-pt	0	+24	limit	asr	24.0	-11.9	-26.8	14.9	0.000	0.083	0.000
1 срез и ограничитель	near-pt	0	+24	limit	asr	24.0	-10.8	-26.1	15.3	0.000	0.561	0.000
1 срез и ограничитель	near-pt	0	+24	limit	asr	24.0	-10.9	-25.7	14.8	0.000	0.471	0.000
1 срез и ограничитель	near-pt	0	+24	limit	asr	24.0	-11.0	-26.3	15.3	0.000	0.518	0.000
1 срез и ограничитель	near-pt	0	+24	limit	asr	24.0	-11.4	-26.4	15.0	0.000	0.412	0.000
1 срез и ограничитель	near-pt	0	+24	limit	asr	24.0	-9.7	-24.2	14.5	0.000	0.542	0.000
1 срез и ограничитель	near-pt	0	+24	limit	asr	24.0	-10.5	-26.3	15.8	0.000	0.237	0.000
1 срез и ограничитель	near-pt	0	+24	limit	asr	24.0	-10.9	-26.2	15.3	0.000	0.410	0.000
1 срез и ограничитель	near-pt	0	+24	limit	asr	24.0	-10.8	-25.6	14.8	0.000	0.283	0.000
2 тихий собеседник	near-pt	24	+0	limit	skip_lang	0.0	-57.3	-72.5	15.2	0.000	0.000	0.000
2 тихий собеседник	near-pt	24	+0	limit	asr	0.0	-44.7	-73.6	28.9	0.000	0.000	0.000
2 тихий собеседник	near-pt	24	+0	limit	asr	0.0	-47.9	-72.7	24.8	0.000	0.000	0.000
2 тихий собеседник	near-pt	24	+0	limit	asr	0.0	-48.0	-73.8	25.8	0.000	0.000	0.000
2 тихий собеседник	near-pt	24	+0	limit	asr	0.0	-47.4	-73.5	26.1	0.000	0.000	0.000
2 тихий собеседник	near-pt	24	+0	limit	asr	0.0	-46.4	-74.0	27.6	0.000	0.000	0.000
2 тихий собеседник	near-pt	24	+0	limit	asr	0.0	-47.3	-73.7	26.4	0.000	0.000	0.000
2 тихий собеседник	near-pt	24	+0	limit	asr	0.0	-49.8	-74.0	24.2	0.000	0.000	0.000
2 тихий собеседник	near-pt	24	+0	limit	asr	0.0	-51.8	-72.6	20.8	0.000	0.000	0.000
2 тихий собеседник	near-pt	24	+0	limit	asr	0.0	-47.7	-74.3	26.6	0.000	0.000	0.000
2 тихий собеседник	near-pt	24	+0	limit	asr	0.0	-47.0	-71.9	24.9	0.000	0.000	0.000
2 тихий собеседник	near-pt	24	+0	limit	asr	0.0	-44.7	-73.2	28.5	0.000	0.000	0.000
2 тихий собеседник	near-pt	24	+0	limit	asr	0.0	-49.4	-71.7	22.3	0.000	0.000	0.000
2 тихий собеседник	near-pt	24	+0	limit	silence	0.0	-48.4	-71.2	22.8	0.000	0.000	0.000
2 тихий собеседник	near-pt	24	+0	limit	asr	0.0	-46.6	-72.5	25.9	0.000	0.000	0.000
2 тихий собеседник	near-pt	24	+0	limit	asr	0.0	-48.1	-71.5	23.4	0.000	0.000	0.000
2 тихий собеседник	near-pt	24	+0	limit	asr	0.0	-46.8	-73.5	26.7	0.000	0.000	0.000
2 тихий собеседник	near-pt	24	+0	limit	asr	0.0	-47.0	-73.5	26.5	0.000	0.000	0.000
2 тихий собеседник	near-pt	24	+0	limit	asr	0.0	-45.5	-69.3	23.8	0.000	0.000	0.000
2 тихий собеседник	near-pt	24	+0	limit	skip_short	0.0	-55.6	-72.6	17.0	0.000	0.000	0.000
2 тихий собеседник	near-pt	24	+0	limit	asr	0.0	-44.9	-73.6	28.7	0.000	0.000	0.000
2 тихий собеседник	near-pt	24	+0	limit	asr	0.0	-48.8	-70.1	21.3	0.000	0.000	0.000
2 тихий собеседник	near-pt	24	+0	limit	asr	0.0	-51.1	-72.7	21.6	0.000	0.000	0.000
2 тихий собеседник	near-pt	24	+0	limit	asr	0.0	-45.7	-74.0	28.3	0.000	0.000	0.000
2 тихий собеседник	near-pt	24	+0	limit	asr	0.0	-47.4	-74.5	27.1	0.000	0.000	0.000
2 тихий собеседник	near-pt	24	+0	limit	asr	0.0	-47.9	-73.5	25.6	0.000	0.000	0.000
2 тихий собеседник	near-pt	24	+0	limit	asr	0.0	-48.1	-74.5	26.4	0.000	0.000	0.000
2 тихий собеседник	near-pt	24	+0	limit	asr	0.0	-51.7	-73.8	22.1	0.000	0.000	0.000
2 тихий собеседник	near-pt	24	+0	limit	asr	0.0	-52.6	-69.9	17.3	0.000	0.000	0.000
2 тихий собеседник	near-pt	24	+0	limit	asr	0.0	-47.8	-71.5	23.7	0.000	0.000	0.000
2 тихий собеседник	near-pt	24	+0	limit	asr	0.0	-46.5	-73.9	27.4	0.000	0.000	0.000
2 тихий собеседник	near-pt	24	+0	limit	asr	0.0	-54.1	-70.6	16.5	0.000	0.000	0.000
2 тихий собеседник	near-pt	24	+0	limit	asr	0.0	-51.5	-73.6	22.1	0.000	0.000	0.000
2 тихий собеседник	near-pt	24	+0	limit	asr	0.0	-45.2	-74.0	28.8	0.000	0.000	0.000
2 тихий собеседник	near-pt	24	+0	limit	asr	0.0	-52.7	-71.2	18.5	0.000	0.000	0.000
2 тихий собеседник	near-pt	24	+0	limit	asr	0.0	-50.0	-72.2	22.2	0.000	0.000	0.000
2 тихий собеседник	near-pt	24	+0	limit	asr	0.0	-45.4	-73.1	27.7	0.000	0.000	0.000
2 тихий собеседник	near-pt	24	+0	limit	asr	0.0	-46.5	-73.2	26.7	0.000	0.000	0.000
2 тихий собеседник	near-pt	24	+0	limit	asr	0.0	-46.6	-73.9	27.3	0.000	0.000	0.000
2 тихий собеседник	near-pt	24	+0	limit	asr	0.0	-44.8	-71.8	27.0	0.000	0.000	0.000
2 тихий собеседник	near-pt	24	+0	limit	asr	0.0	-47.8	-72.5	24.7	0.000	0.000	0.000
2 тихий собеседник	near-pt	24	+0	limit	asr	0.0	-47.7	-73.5	25.8	0.000	0.000	0.000
2 тихий собеседник	near-pt	24	+12	limit	asr	12.0	-35.7	-61.5	25.8	0.000	0.000	0.000
2 тихий собеседник	near-pt	24	+12	limit	asr	12.0	-33.5	-61.8	28.3	0.000	0.000	0.000
2 тихий собеседник	near-pt	24	+12	limit	asr	12.0	-33.3	-60.0	26.7	0.000	0.000	0.000
2 тихий собеседник	near-pt	24	+12	limit	asr	12.0	-33.9	-59.8	25.9	0.000	0.000	0.000
2 тихий собеседник	near-pt	24	+12	limit	asr	12.0	-32.5	-59.7	27.2	0.000	0.000	0.000
2 тихий собеседник	near-pt	24	+12	limit	asr	12.0	-40.1	-59.8	19.7	0.000	0.000	0.000
2 тихий собеседник	near-pt	24	+12	limit	asr	12.0	-39.1	-60.7	21.6	0.000	0.000	0.000
2 тихий собеседник	near-pt	24	+12	limit	asr	12.0	-32.7	-61.2	28.5	0.000	0.000	0.000
2 тихий собеседник	near-pt	24	+12	limit	skip_short	12.0		-58.1		0.000	0.000	0.000
2 тихий собеседник	near-pt	24	+12	limit	asr	12.0	-35.9	-60.7	24.8	0.000	0.000	0.000
2 тихий собеседник	near-pt	24	+12	limit	asr	12.0	-33.9	-61.2	27.3	0.000	0.000	0.000
2 тихий собеседник	near-pt	24	+12	limit	asr	12.0	-36.0	-62.3	26.3	0.000	0.000	0.000
2 тихий собеседник	near-pt	24	+12	limit	asr	12.0	-35.4	-61.7	26.3	0.000	0.000	0.000
2 тихий собеседник	near-pt	24	+12	limit	asr	12.0	-34.4	-62.0	27.6	0.000	0.000	0.000
2 тихий собеседник	near-pt	24	+12	limit	asr	12.0	-35.3	-61.7	26.4	0.000	0.000	0.000
2 тихий собеседник	near-pt	24	+12	limit	asr	12.0	-37.8	-62.0	24.2	0.000	0.000	0.000
2 тихий собеседник	near-pt	24	+12	limit	asr	12.0	-39.0	-59.3	20.3	0.000	0.000	0.000
2 тихий собеседник	near-pt	24	+12	limit	asr	12.0	-34.3	-62.8	28.5	0.000	0.000	0.000
2 тихий собеседник	near-pt	24	+12	limit	asr	12.0	-33.2	-62.2	29.0	0.000	0.000	0.000
2 тихий собеседник	near-pt	24	+12	limit	asr	12.0	-35.8	-58.4	22.6	0.000	0.000	0.000
2 тихий собеседник	near-pt	24	+12	limit	asr	12.0	-39.8	-61.0	21.2	0.000	0.000	0.000
2 тихий собеседник	near-pt	24	+12	limit	asr	12.0	-35.7	-62.3	26.6	0.000	0.000	0.000
2 тихий собеседник	near-pt	24	+12	limit	asr	12.0	-35.1	-60.4	25.3	0.000	0.000	0.000
2 тихий собеседник	near-pt	24	+12	limit	asr	12.0	-32.7	-61.2	28.5	0.000	0.000	0.000
2 тихий собеседник	near-pt	24	+12	limit	asr	12.0	-37.4	-59.7	22.3	0.000	0.000	0.000
2 тихий собеседник	near-pt	24	+12	limit	asr	12.0	-37.0	-59.0	22.0	0.000	0.000	0.000
2 тихий собеседник	near-pt	24	+12	limit	asr	12.0	-34.6	-60.5	25.9	0.000	0.000	0.000
2 тихий собеседник	near-pt	24	+12	limit	asr	12.0	-36.0	-61.7	25.7	0.000	0.000	0.000
2 тихий собеседник	near-pt	24	+12	limit	asr	12.0	-36.2	-60.5	24.3	0.000	0.000	0.000
2 тихий собеседник	near-pt	24	+12	limit	asr	12.0	-35.3	-61.6	26.3	0.000	0.000	0.000
2 тихий собеседник	near-pt	24	+12	limit	asr	12.0	-34.2	-62.6	28.4	0.000	0.000	0.000
2 тихий собеседник	near-pt	24	+12	limit	asr	12.0	-34.8	-61.5	26.7	0.000	0.000	0.000
2 тихий собеседник	near-pt	24	+12	limit	asr	12.0	-33.6	-61.6	28.0	0.000	0.000	0.000
2 тихий собеседник	near-pt	24	+12	limit	asr	12.0	-36.3	-60.6	24.3	0.000	0.000	0.000
2 тихий собеседник	near-pt	24	+12	limit	asr	12.0	-36.4	-61.3	24.9	0.000	0.000	0.000
2 тихий собеседник	near-pt	24	+12	limit	asr	12.0	-36.0	-59.7	23.7	0.000	0.000	0.000
2 тихий собеседник	near-pt	24	+12	limit	asr	12.0	-33.3	-61.5	28.2	0.000	0.000	0.000
2 тихий собеседник	near-pt	24	+12	limit	asr	12.0	-36.6	-61.7	25.1	0.000	0.000	0.000
2 тихий собеседник	near-pt	24	+12	limit	asr	12.0	-34.1	-60.8	26.7	0.000	0.000	0.000
2 тихий собеседник	near-pt	24	+12	limit	asr	12.0	-36.7	-57.5	20.8	0.000	0.000	0.000
2 тихий собеседник	near-pt	24	+12	limit	asr	12.0	-39.1	-60.9	21.8	0.000	0.000	0.000
2 тихий собеседник	near-pt	24	+12	limit	asr	12.0	-33.7	-62.0	28.3	0.000	0.000	0.000
2 тихий собеседник	near-pt	24	+12	limit	skip_short	12.0	-35.5	-62.7	27.2	0.000	0.000	0.000
2 тихий собеседник	near-pt	24	+12	limit	asr	12.0	-33.5	-61.0	27.5	0.000	0.000	0.000
2 тихий собеседник	near-pt	24	+12	limit	asr	12.0	-35.4	-62.5	27.1	0.000	0.000	0.000
2 тихий собеседник	near-pt	24	+12	limit	asr	12.0	-36.5	-61.3	24.8	0.000	0.000	0.000
2 тихий собеседник	near-pt	24	+12	limit	asr	12.0	-36.1	-62.5	26.4	0.000	0.000	0.000
2 тихий собеседник	near-pt	24	+12	limit	asr	12.0	-39.7	-61.8	22.1	0.000	0.000	0.000
2 тихий собеседник	near-pt	24	+12	limit	asr	12.0	-41.4	-59.8	18.4	0.000	0.000	0.000
2 тихий собеседник	near-pt	24	+12	limit	asr	12.0	-38.8	-60.4	21.6	0.000	0.000	0.000
2 тихий собеседник	near-pt	24	+12	limit	asr	12.0	-35.8	-59.7	23.9	0.000	0.000	0.000
2 тихий собеседник	near-pt	24	+12	limit	asr	12.0	-35.1	-60.7	25.6	0.000	0.000	0.000
2 тихий собеседник	near-pt	24	+12	limit	asr	12.0	-34.7	-61.9	27.2	0.000	0.000	0.000
2 тихий собеседник	near-pt	24	+12	limit	skip_short	12.0	-42.5	-59.1	16.6	0.000	0.000	0.000
2 тихий собеседник	near-pt	24	+12	limit	asr	12.0	-40.8	-61.4	20.6	0.000	0.000	0.000
2 тихий собеседник	near-pt	24	+12	limit	asr	12.0	-33.2	-62.0	28.8	0.000	0.000	0.000
2 тихий собеседник	near-pt	24	+12	limit	asr	12.0	-34.7	-61.5	26.8	0.000	0.000	0.000
2 тихий собеседник	near-pt	24	+12	limit	asr	12.0	-36.3	-61.6	25.3	0.000	0.000	0.000
2 тихий собеседник	near-pt	24	+12	limit	asr	12.0	-40.8	-59.2	18.4	0.000	0.000	0.000
2 тихий собеседник	near-pt	24	+12	limit	asr	12.0	-39.4	-61.2	21.8	0.000	0.000	0.000
2 тихий собеседник	near-pt	24	+12	limit	asr	12.0	-33.4	-61.1	27.7	0.000	0.000	0.000
2 тихий собеседник	near-pt	24	+12	limit	asr	12.0	-34.5	-61.2	26.7	0.000	0.000	0.000
2 тихий собеседник	near-pt	24	+12	limit	asr	12.0	-34.1	-61.8	27.7	0.000	0.000	0.000
2 тихий собеседник	near-pt	24	+12	limit	asr	12.0	-34.6	-61.9	27.3	0.000	0.000	0.000
2 тихий собеседник	near-pt	24	+12	limit	asr	12.0	-32.8	-59.8	27.0	0.000	0.000	0.000
2 тихий собеседник	near-pt	24	+12	limit	asr	12.0	-36.0	-61.3	25.3	0.000	0.000	0.000
2 тихий собеседник	near-pt	24	+12	limit	asr	12.0	-33.8	-61.9	28.1	0.000	0.000	0.000
2 тихий собеседник	near-pt	24	+12	limit	asr	12.0	-35.7	-61.5	25.8	0.000	0.000	0.000
2 тихий собеседник	near-pt	24	+12	limit	silence	12.0	-32.8	-62.5	29.7	0.000	0.000	0.000
2 тихий собеседник	near-pt	24	+24	limit	asr	24.0	-23.7	-49.5	25.8	0.000	0.000	0.000
2 тихий собеседник	near-pt	24	+24	limit	asr	24.0	-21.5	-49.8	28.3	0.000	0.000	0.000
2 тихий собеседник	near-pt	24	+24	limit	asr	24.0	-21.3	-48.0	26.7	0.000	0.000	0.000
2 тихий собеседник	near-pt	24	+24	limit	asr	24.0	-21.8	-49.2	27.4	0.000	0.000	0.000
2 тихий собеседник	near-pt	24	+24	limit	asr	24.0	-22.5	-48.5	26.0	0.000	0.000	0.000
2 тихий собеседник	near-pt	24	+24	limit	asr	24.0	-19.9	-40.9	21.0	0.000	0.000	0.000
2 тихий собеседник	near-pt	24	+24	limit	asr	24.0	-28.1	-48.2	20.1	0.000	0.000	0.000
2 тихий собеседник	near-pt	24	+24	limit	asr	24.0	-25.4	-48.8	23.4	0.000	0.000	0.000
2 тихий собеседник	near-pt	24	+24	limit	skip_lang	24.0	-33.3	-49.5	16.2	0.000	0.000	0.000
2 тихий собеседник	near-pt	24	+24	limit	asr	24.0	-20.7	-49.2	28.5	0.000	0.000	0.000
2 тихий собеседник	near-pt	24	+24	limit	asr	24.0	-23.9	-48.7	24.8	0.000	0.000	0.000
2 тихий собеседник	near-pt	24	+24	limit	asr	24.0	-21.9	-49.2	27.3	0.000	0.000	0.000
2 тихий собеседник	near-pt	24	+24	limit	asr	24.0	-24.0	-50.3	26.3	0.000	0.000	0.000
2 тихий собеседник	near-pt	24	+24	limit	asr	24.0	-23.4	-49.7	26.3	0.000	0.000	0.000
2 тихий собеседник	near-pt	24	+24	limit	asr	24.0	-22.4	-50.0	27.6	0.000	0.000	0.000
2 тихий собеседник	near-pt	24	+24	limit	asr	24.0	-23.3	-49.7	26.4	0.000	0.000	0.000
2 тихий собеседник	near-pt	24	+24	limit	asr	24.0	-25.8	-50.2	24.4	0.000	0.000	0.000
2 тихий собеседник	near-pt	24	+24	limit	asr	24.0	-27.0	-47.3	20.3	0.000	0.000	0.000
2 тихий собеседник	near-pt	24	+24	limit	asr	24.0	-22.3	-50.8	28.5	0.000	0.000	0.000
2 тихий собеседник	near-pt	24	+24	limit	asr	24.0	-21.2	-50.2	29.0	0.000	0.000	0.000
2 тихий собеседник	near-pt	24	+24	limit	asr	24.0	-23.8	-46.4	22.6	0.000	0.000	0.000
2 тихий собеседник	near-pt	24	+24	limit	asr	24.0	-27.8	-49.0	21.2	0.000	0.000	0.000
2 тихий собеседник	near-pt	24	+24	limit	asr	24.0	-23.7	-50.3	26.6	0.000	0.000	0.000
2 тихий собеседник	near-pt	24	+24	limit	asr	24.0	-23.1	-48.4	25.3	0.000	0.000	0.000
2 тихий собеседник	near-pt	24	+24	limit	asr	24.0	-20.7	-49.4	28.7	0.000	0.000	0.000
2 тихий собеседник	near-pt	24	+24	limit	asr	24.0	-25.4	-48.4	23.0	0.000	0.000	0.000
2 тихий собеседник	near-pt	24	+24	limit	asr	24.0	-25.0	-47.0	22.0	0.000	0.000	0.000
2 тихий собеседник	near-pt	24	+24	limit	asr	24.0	-22.6	-48.6	26.0	0.000	0.000	0.000
2 тихий собеседник	near-pt	24	+24	limit	asr	24.0	-24.3	-49.9	25.6	0.000	0.000	0.000
2 тихий собеседник	near-pt	24	+24	limit	asr	24.0	-23.9	-47.8	23.9	0.000	0.000	0.000
2 тихий собеседник	near-pt	24	+24	limit	asr	24.0	-23.3	-49.6	26.3	0.000	0.000	0.000
2 тихий собеседник	near-pt	24	+24	limit	asr	24.0	-22.2	-50.6	28.4	0.000	0.000	0.000
2 тихий собеседник	near-pt	24	+24	limit	asr	24.0	-22.8	-49.5	26.7	0.000	0.000	0.000
2 тихий собеседник	near-pt	24	+24	limit	asr	24.0	-23.8	-50.5	26.7	0.000	0.000	0.000
2 тихий собеседник	near-pt	24	+24	limit	asr	24.0	-21.7	-50.5	28.8	0.000	0.000	0.000
2 тихий собеседник	near-pt	24	+24	limit	asr	24.0	-24.3	-48.6	24.3	0.000	0.000	0.000
2 тихий собеседник	near-pt	24	+24	limit	asr	24.0	-24.4	-49.3	24.9	0.000	0.000	0.000
2 тихий собеседник	near-pt	24	+24	limit	asr	24.0	-24.0	-47.7	23.7	0.000	0.000	0.000
2 тихий собеседник	near-pt	24	+24	limit	asr	24.0	-21.3	-49.5	28.2	0.000	0.000	0.000
2 тихий собеседник	near-pt	24	+24	limit	asr	24.0	-24.6	-49.7	25.1	0.000	0.000	0.000
2 тихий собеседник	near-pt	24	+24	limit	asr	24.0	-25.0	-49.2	24.2	0.000	0.000	0.000
2 тихий собеседник	near-pt	24	+24	limit	asr	24.0	-22.1	-48.8	26.7	0.000	0.000	0.000
2 тихий собеседник	near-pt	24	+24	limit	asr	24.0	-24.0	-49.7	25.7	0.000	0.000	0.000
2 тихий собеседник	near-pt	24	+24	limit	asr	24.0	-24.9	-46.8	21.9	0.000	0.000	0.000
2 тихий собеседник	near-pt	24	+24	limit	asr	24.0	-27.2	-49.1	21.9	0.000	0.000	0.000
2 тихий собеседник	near-pt	24	+24	limit	asr	24.0	-21.7	-50.0	28.3	0.000	0.000	0.000
2 тихий собеседник	near-pt	24	+24	limit	asr	24.0	-23.5	-50.7	27.2	0.000	0.000	0.000
2 тихий собеседник	near-pt	24	+24	limit	asr	24.0	-21.5	-49.0	27.5	0.000	0.000	0.000
2 тихий собеседник	near-pt	24	+24	limit	asr	24.0	-23.4	-50.5	27.1	0.000	0.000	0.000
2 тихий собеседник	near-pt	24	+24	limit	asr	24.0	-24.5	-49.3	24.8	0.000	0.000	0.000
2 тихий собеседник	near-pt	24	+24	limit	asr	24.0	-24.1	-50.5	26.4	0.000	0.000	0.000
2 тихий собеседник	near-pt	24	+24	limit	asr	24.0	-27.9	-50.3	22.4	0.000	0.000	0.000
2 тихий собеседник	near-pt	24	+24	limit	asr	24.0	-29.8	-48.6	18.8	0.000	0.000	0.000
2 тихий собеседник	near-pt	24	+24	limit	asr	24.0	-26.8	-48.4	21.6	0.000	0.000	0.000
2 тихий собеседник	near-pt	24	+24	limit	asr	24.0	-23.8	-47.5	23.7	0.000	0.000	0.000
2 тихий собеседник	near-pt	24	+24	limit	asr	24.0	-23.1	-48.7	25.6	0.000	0.000	0.000
2 тихий собеседник	near-pt	24	+24	limit	asr	24.0	-22.3	-50.0	27.7	0.000	0.000	0.000
2 тихий собеседник	near-pt	24	+24	limit	asr	24.0	-29.9	-49.2	19.3	0.000	0.000	0.000
2 тихий собеседник	near-pt	24	+24	limit	asr	24.0	-29.0	-49.6	20.6	0.000	0.000	0.000
2 тихий собеседник	near-pt	24	+24	limit	asr	24.0	-28.2	-47.8	19.6	0.000	0.000	0.000
2 тихий собеседник	near-pt	24	+24	limit	asr	24.0	-21.2	-50.0	28.8	0.000	0.000	0.000
2 тихий собеседник	near-pt	24	+24	limit	asr	24.0	-22.7	-49.4	26.7	0.000	0.000	0.000
2 тихий собеседник	near-pt	24	+24	limit	asr	24.0	-26.6	-49.1	22.5	0.000	0.000	0.000
2 тихий собеседник	near-pt	24	+24	limit	asr	24.0	-27.4	-49.2	21.8	0.000	0.000	0.000
2 тихий собеседник	near-pt	24	+24	limit	asr	24.0	-27.2	-49.9	22.7	0.000	0.000	0.000
2 тихий собеседник	near-pt	24	+24	limit	asr	24.0	-21.4	-49.1	27.7	0.000	0.000	0.000
2 тихий собеседник	near-pt	24	+24	limit	asr	24.0	-22.5	-49.2	26.7	0.000	0.000	0.000
2 тихий собеседник	near-pt	24	+24	limit	asr	24.0	-22.1	-49.8	27.7	0.000	0.000	0.000
2 тихий собеседник	near-pt	24	+24	limit	asr	24.0	-22.6	-49.9	27.3	0.000	0.000	0.000
2 тихий собеседник	near-pt	24	+24	limit	asr	24.0	-20.8	-47.8	27.0	0.000	0.000	0.000
2 тихий собеседник	near-pt	24	+24	limit	asr	24.0	-24.0	-49.6	25.6	0.000	0.000	0.000
2 тихий собеседник	near-pt	24	+24	limit	asr	24.0	-21.8	-50.1	28.3	0.000	0.000	0.000
2 тихий собеседник	near-pt	24	+24	limit	asr	24.0	-23.7	-49.5	25.8	0.000	0.000	0.000
3 калибровка	far-pt	0	+0	limit	asr	0.0	-30.7	-48.7	18.0	0.000	0.000	0.000
3 калибровка	far-pt	0	+0	limit	asr	0.0	-29.7	-51.1	21.4	0.000	0.000	0.000
3 калибровка	far-pt	0	+0	limit	asr	0.0	-30.0	-50.2	20.2	0.000	0.000	0.000
3 калибровка	far-pt	0	+0	limit	asr	0.0	-29.1	-48.8	19.7	0.000	0.000	0.000
3 калибровка	far-pt	0	+0	limit	asr	0.0	-31.0	-49.8	18.8	0.000	0.000	0.000
3 калибровка	far-pt	0	+0	limit	asr	0.0	-29.2	-48.4	19.2	0.000	0.000	0.000
3 калибровка	far-pt	0	+0	limit	asr	0.0	-32.8	-48.4	15.6	0.000	0.000	0.000
3 калибровка	far-pt	0	+0	limit	asr	0.0	-32.6	-51.2	18.6	0.000	0.000	0.000
3 калибровка	far-pt	0	+0	limit	asr	0.0	-29.0	-49.7	20.7	0.000	0.000	0.000
3 калибровка	far-pt	0	+0	limit	asr	0.0	-31.9	-51.0	19.1	0.000	0.000	0.000
3 калибровка	far-pt	0	+0	limit	asr	0.0	-31.8	-50.3	18.5	0.000	0.000	0.000
3 калибровка	far-pt	0	+0	limit	asr	0.0	-33.4	-49.7	16.3	0.000	0.000	0.000
3 калибровка	far-pt	0	+0	limit	asr	0.0	-31.4	-48.6	17.2	0.000	0.000	0.000
3 калибровка	far-pt	0	+0	limit	asr	0.0	-30.5	-49.8	19.3	0.000	0.000	0.000
3 калибровка	far-pt	0	+0	limit	asr	0.0	-30.6	-49.1	18.5	0.000	0.000	0.000
3 калибровка	far-pt	0	+0	limit	asr	0.0	-34.1	-50.9	16.8	0.000	0.000	0.000
3 калибровка	far-pt	0	+0	limit	asr	0.0	-34.5	-50.1	15.6	0.000	0.000	0.000
3 калибровка	far-pt	0	+0	limit	asr	0.0	-30.7	-50.8	20.1	0.000	0.000	0.000
3 калибровка	far-pt	0	+0	limit	asr	0.0	-29.1	-49.8	20.7	0.000	0.000	0.000
3 калибровка	far-pt	0	+0	limit	asr	0.0	-31.8	-51.0	19.2	0.000	0.000	0.000
3 калибровка	far-pt	0	+0	limit	asr	0.0	-33.1	-49.3	16.2	0.000	0.000	0.000
3 калибровка	far-pt	0	+0	limit	silence	0.0	-31.8	-51.2	19.4	0.000	0.000	0.000
3 калибровка	far-pt	0	+0	limit	asr	0.0	-30.9	-51.3	20.4	0.000	0.000	0.000
3 калибровка	far-pt	0	+0	limit	asr	0.0	-29.1	-51.8	22.7	0.000	0.000	0.000
3 калибровка	far-pt	0	+0	limit	asr	0.0	-31.8	-49.4	17.6	0.000	0.000	0.000
3 калибровка	far-pt	0	+0	limit	asr	0.0	-32.8	-51.4	18.6	0.000	0.000	0.000
3 калибровка	far-pt	0	+0	limit	asr	0.0	-30.6	-50.3	19.7	0.000	0.000	0.000
3 калибровка	far-pt	0	+0	limit	asr	0.0	-31.9	-51.1	19.2	0.000	0.000	0.000
3 калибровка	far-pt	0	+0	limit	asr	0.0	-30.9	-49.8	18.9	0.000	0.000	0.000
3 калибровка	far-pt	0	+0	limit	asr	0.0	-30.7	-51.3	20.6	0.000	0.000	0.000
3 калибровка	far-pt	0	+0	limit	asr	0.0	-30.8	-50.0	19.2	0.000	0.000	0.000
3 калибровка	far-pt	0	+0	limit	asr	0.0	-31.1	-50.4	19.3	0.000	0.000	0.000
3 калибровка	far-pt	0	+0	limit	asr	0.0	-30.3	-51.4	21.1	0.000	0.000	0.000
3 калибровка	far-pt	0	+0	limit	asr	0.0	-32.9	-48.7	15.8	0.000	0.000	0.000
3 калибровка	far-pt	0	+0	limit	asr	0.0	-30.8	-49.5	18.7	0.000	0.000	0.000
3 калибровка	far-pt	0	+0	limit	asr	0.0	-30.3	-50.7	20.4	0.000	0.000	0.000
3 калибровка	far-pt	0	+0	limit	asr	0.0	-29.6	-51.0	21.4	0.000	0.000	0.000
3 калибровка	far-pt	0	+0	limit	asr	0.0	-31.2	-51.3	20.1	0.000	0.000	0.000
3 калибровка	far-pt	0	+0	limit	asr	0.0	-33.3	-52.1	18.8	0.000	0.000	0.000
3 калибровка	far-pt	0	+0	limit	asr	0.0	-31.7	-50.7	19.0	0.000	0.000	0.000
3 калибровка	far-pt	0	+0	limit	asr	0.0	-30.3	-50.7	20.4	0.000	0.000	0.000
3 калибровка	far-pt	0	+0	limit	asr	0.0	-33.2	-50.3	17.1	0.000	0.000	0.000
3 калибровка	far-pt	0	+0	limit	asr	0.0	-32.8	-50.6	17.8	0.000	0.000	0.000
3 калибровка	far-pt	0	+0	limit	asr	0.0	-29.3	-49.5	20.2	0.000	0.000	0.000
3 калибровка	far-pt	0	+0	limit	asr	0.0	-30.0	-51.6	21.6	0.000	0.000	0.000
3 калибровка	far-pt	0	+0	limit	asr	0.0	-30.7	-48.3	17.6	0.000	0.000	0.000
3 калибровка	far-pt	0	+0	limit	asr	0.0	-28.9	-50.0	21.1	0.000	0.000	0.000
3 калибровка	far-pt	0	+0	limit	asr	0.0	-30.3	-49.1	18.8	0.000	0.000	0.000
3 калибровка	far-pt	0	+0	limit	asr	0.0	-30.7	-50.0	19.3	0.000	0.000	0.000
3 калибровка	far-pt	0	+0	limit	asr	0.0	-31.1	-49.6	18.5	0.000	0.000	0.000
3 калибровка	far-pt	0	+0	limit	asr	0.0	-30.0	-49.5	19.5	0.000	0.000	0.000
3 калибровка	far-pt	0	+0	limit	asr	0.0	-34.2	-48.1	13.9	0.000	0.000	0.000
3 калибровка	far-pt	0	+0	limit	asr	0.0	-35.2	-48.4	13.2	0.000	0.000	0.000
3 калибровка	far-pt	0	+0	limit	asr	0.0	-34.6	-50.1	15.5	0.000	0.000	0.000
3 калибровка	far-pt	0	+0	limit	asr	0.0	-30.1	-49.3	19.2	0.000	0.000	0.000
3 калибровка	far-pt	0	+0	limit	asr	0.0	-29.8	-51.5	21.7	0.000	0.000	0.000
3 калибровка	far-pt	0	+0	limit	asr	0.0	-29.0	-51.8	22.8	0.000	0.000	0.000
3 калибровка	far-pt	0	+0	limit	asr	0.0	-35.2	-51.0	15.8	0.000	0.000	0.000
3 калибровка	far-pt	0	+0	limit	asr	0.0	-34.8	-51.4	16.6	0.000	0.000	0.000
3 калибровка	far-pt	0	+0	limit	asr	0.0	-32.9	-50.8	17.9	0.000	0.000	0.000
3 калибровка	far-pt	0	+0	limit	asr	0.0	-27.9	-49.0	21.1	0.000	0.000	0.000
3 калибровка	far-pt	0	+0	limit	asr	0.0	-29.2	-49.5	20.3	0.000	0.000	0.000
3 калибровка	far-pt	0	+0	limit	asr	0.0	-30.8	-47.9	17.1	0.000	0.000	0.000
3 калибровка	far-pt	0	+0	limit	silence	0.0	-37.2	-50.3	13.1	0.000	0.000	0.000
3 калибровка	far-pt	0	+0	limit	asr	0.0	-34.4	-48.9	14.5	0.000	0.000	0.000
3 калибровка	far-pt	0	+0	limit	asr	0.0	-32.9	-50.9	18.0	0.000	0.000	0.000
3 калибровка	far-pt	0	+0	limit	asr	0.0	-27.8	-45.8	18.0	0.000	0.000	0.000
3 калибровка	far-pt	0	+0	limit	silence	0.0		-24.0		0.000	0.000	0.000
3 калибровка	far-pt	0	+0	limit	asr	0.0	-15.7	-26.4	10.7	0.000	0.000	0.000
3 калибровка	far-pt	0	+0	limit	silence	0.0		-26.1		0.000	0.000	0.000
3 калибровка	far-pt	0	+0	limit	silence	0.0		-23.2		0.000	0.000	0.000
3 калибровка	far-pt	0	+0	limit	skip_lang	0.0	-15.0	-25.6	10.6	0.000	0.000	0.000
3 калибровка	far-pt	0	+0	limit	asr	0.0	-16.2	-27.2	11.0	0.000	0.000	0.000
3 калибровка	far-pt	0	+0	limit	silence	0.0		-23.0		0.000	0.000	0.000
3 калибровка	far-pt	0	+0	limit	silence	0.0	-15.1	-25.2	10.1	0.000	0.000	0.000
3 калибровка	near-ru	0	+0	limit	asr	0.0	-28.9	-49.3	20.4	0.000	0.000	0.000
3 калибровка	near-ru	0	+0	limit	asr	0.0	-27.5	-48.4	20.9	0.000	0.000	0.000
3 калибровка	near-ru	0	+0	limit	asr	0.0	-25.7	-53.7	28.0	0.000	0.000	0.000
3 калибровка	near-ru	0	+0	limit	asr	0.0	-24.0	-50.4	26.4	0.000	0.000	0.000
3 калибровка	near-ru	0	+0	limit	asr	0.0	-23.9	-49.9	26.0	0.000	0.000	0.000
3 калибровка	near-ru	0	+0	limit	asr	0.0	-26.9	-51.2	24.3	0.000	0.000	0.000
3 калибровка	near-ru	0	+0	limit	asr	0.0	-23.8	-52.2	28.4	0.000	0.000	0.000
3 калибровка	near-ru	0	+0	limit	asr	0.0	-23.6	-51.8	28.2	0.000	0.000	0.000
3 калибровка	near-ru	0	+0	limit	asr	0.0	-27.3	-52.7	25.4	0.000	0.000	0.000
3 калибровка	near-ru	0	+0	limit	asr	0.0	-24.8	-52.4	27.6	0.000	0.000	0.000
3 калибровка	near-ru	0	+0	limit	asr	0.0	-23.2	-53.3	30.1	0.000	0.000	0.000
3 калибровка	near-ru	0	+0	limit	asr	0.0	-24.6	-52.4	27.8	0.000	0.000	0.000
3 калибровка	near-ru	0	+0	limit	asr	0.0	-25.4	-52.8	27.4	0.000	0.000	0.000
3 калибровка	near-ru	0	+0	limit	asr	0.0	-24.2	-48.5	24.3	0.000	0.000	0.000
3 калибровка	near-ru	0	+0	limit	asr	0.0	-24.6	-51.9	27.3	0.000	0.000	0.000
3 калибровка	near-ru	0	+0	limit	asr	0.0	-24.3	-50.2	25.9	0.000	0.000	0.000
3 калибровка	near-ru	0	+0	limit	asr	0.0	-28.3	-52.1	23.8	0.000	0.000	0.000
3 калибровка	near-ru	0	+0	limit	asr	0.0	-25.4	-53.8	28.4	0.000	0.000	0.000
3 калибровка	near-ru	0	+0	limit	asr	0.0	-24.1	-51.5	27.4	0.000	0.000	0.000
3 калибровка	near-ru	0	+0	limit	asr	0.0	-28.3	-49.7	21.4	0.000	0.000	0.000
3 калибровка	near-ru	0	+0	limit	asr	0.0	-24.8	-51.2	26.4	0.000	0.000	0.000
3 калибровка	near-ru	0	+0	limit	asr	0.0	-27.9	-53.4	25.5	0.000	0.000	0.000
3 калибровка	near-ru	0	+0	limit	asr	0.0	-26.1	-52.9	26.8	0.000	0.000	0.000
3 калибровка	near-ru	0	+0	limit	asr	0.0	-29.6	-53.0	23.4	0.000	0.000	0.000
3 калибровка	near-ru	0	+0	limit	asr	0.0	-25.8	-54.1	28.3	0.000	0.000	0.000
3 калибровка	near-ru	0	+0	limit	asr	0.0	-25.5	-50.5	25.0	0.000	0.000	0.000
3 калибровка	near-ru	0	+0	limit	asr	0.0	-25.2	-53.0	27.8	0.000	0.000	0.000
3 калибровка	near-ru	0	+0	limit	asr	0.0	-27.1	-53.0	25.9	0.000	0.000	0.000
3 калибровка	near-ru	0	+0	limit	asr	0.0	-24.6	-52.3	27.7	0.000	0.000	0.000
3 калибровка	near-ru	0	+0	limit	asr	0.0	-26.0	-53.1	27.1	0.000	0.000	0.000
3 калибровка	near-ru	0	+0	limit	asr	0.0	-24.2	-53.4	29.2	0.000	0.000	0.000
3 калибровка	near-ru	0	+0	limit	asr	0.0	-26.7	-52.3	25.6	0.000	0.000	0.000
3 калибровка	near-ru	0	+0	limit	asr	0.0	-24.7	-53.8	29.1	0.000	0.000	0.000
3 калибровка	near-ru	0	+0	limit	asr	0.0	-25.2	-52.8	27.6	0.000	0.000	0.000
3 калибровка	near-ru	0	+0	limit	asr	0.0	-25.8	-52.5	26.7	0.000	0.000	0.000
3 калибровка	near-ru	0	+0	limit	asr	0.0	-28.9	-52.1	23.2	0.000	0.000	0.000
3 калибровка	near-ru	0	+0	limit	skip_lang	0.0	-24.9	-53.5	28.6	0.000	0.000	0.000
3 калибровка	near-ru	0	+0	limit	asr	0.0	-25.9	-51.1	25.2	0.000	0.000	0.000
3 калибровка	near-ru	0	+0	limit	asr	0.0	-26.8	-53.9	27.1	0.000	0.000	0.000
3 калибровка	near-ru	0	+0	limit	asr	0.0	-28.0	-53.5	25.5	0.000	0.000	0.000
3 калибровка	near-ru	0	+0	limit	asr	0.0	-29.8	-53.3	23.5	0.000	0.000	0.000
3 калибровка	near-ru	0	+0	limit	asr	0.0	-25.4	-52.8	27.4	0.000	0.000	0.000
3 калибровка	near-ru	0	+0	limit	skip_lang	0.0	-38.0	-53.0	15.0	0.000	0.000	0.000
3 калибровка	near-ru	0	+0	limit	asr	0.0	-24.3	-50.7	26.4	0.000	0.000	0.000
3 калибровка	near-ru	0	+0	limit	asr	0.0	-23.7	-51.7	28.0	0.000	0.000	0.000
3 калибровка	near-ru	0	+0	limit	asr	0.0	-25.8	-53.8	28.0	0.000	0.000	0.000
3 калибровка	near-ru	0	+0	limit	asr	0.0	-25.2	-50.9	25.7	0.000	0.000	0.000
3 калибровка	near-ru	0	+0	limit	asr	0.0	-22.1	-53.3	31.2	0.000	0.000	0.000
3 калибровка	near-ru	0	+0	limit	asr	0.0	-23.5	-51.2	27.7	0.000	0.000	0.000
3 калибровка	near-ru	0	+0	limit	asr	0.0	-25.2	-50.9	25.7	0.000	0.000	0.000
3 калибровка	near-ru	0	+0	limit	asr	0.0	-26.1	-53.8	27.7	0.000	0.000	0.000
3 калибровка	near-ru	0	+0	limit	asr	0.0	-26.4	-50.6	24.2	0.000	0.000	0.000
3 калибровка	near-ru	0	+0	limit	asr	0.0	-27.0	-49.9	22.9	0.000	0.000	0.000
3 калибровка	near-ru	0	+0	limit	asr	0.0	-26.6	-53.4	26.8	0.000	0.000	0.000
3 калибровка	near-ru	0	+0	limit	asr	0.0	-25.2	-52.9	27.7	0.000	0.000	0.000
3 калибровка	near-ru	0	+0	limit	asr	0.0	-26.2	-51.3	25.1	0.000	0.000	0.000
3 калибровка	near-ru	0	+0	limit	asr	0.0	-25.6	-45.7	20.1	0.000	0.000	0.000
3 калибровка	near-ru	0	+0	limit	asr	0.0	-25.4	-50.8	25.4	0.000	0.000	0.000
3 калибровка	near-ru	0	+0	limit	asr	0.0	-23.6	-52.5	28.9	0.000	0.000	0.000
3 калибровка	near-ru	0	+0	limit	asr	0.0	-24.0	-52.5	28.5	0.000	0.000	0.000
3 калибровка	near-ru	0	+0	limit	asr	0.0	-23.9	-51.2	27.3	0.000	0.000	0.000
3 калибровка	near-ru	0	+0	limit	asr	0.0	-24.3	-52.7	28.4	0.000	0.000	0.000
3 калибровка	near-ru	0	+0	limit	asr	0.0	-26.3	-53.0	26.7	0.000	0.000	0.000
3 калибровка	near-ru	0	+0	limit	asr	0.0	-26.2	-48.6	22.4	0.000	0.000	0.000
3 калибровка	near-ru	0	+0	limit	asr	0.0	-24.0	-54.5	30.5	0.000	0.000	0.000
3 калибровка	near-ru	0	+0	limit	asr	0.0	-26.7	-52.0	25.3	0.000	0.000	0.000
3 калибровка	near-ru	0	+0	limit	asr	0.0	-25.4	-50.7	25.3	0.000	0.000	0.000
3 калибровка	near-ru	0	+0	limit	asr	0.0	-26.0	-51.4	25.4	0.000	0.000	0.000
3 калибровка	near-ru	0	+0	limit	asr	0.0	-24.0	-51.7	27.7	0.000	0.000	0.000
3 калибровка	near-ru	0	+0	limit	asr	0.0	-25.4	-52.4	27.0	0.000	0.000	0.000
3 калибровка	near-ru	0	+0	limit	asr	0.0	-24.6	-48.7	24.1	0.000	0.000	0.000
3 калибровка	near-ru	0	+0	limit	asr	0.0	-29.3	-49.4	20.1	0.000	0.000	0.000
3 калибровка	near-ru	0	+0	limit	asr	0.0	-26.4	-50.3	23.9	0.000	0.000	0.000
3 калибровка	near-ru	0	+0	limit	asr	0.0	-25.7	-50.1	24.4	0.000	0.000	0.000
3 калибровка	near-ru	0	+0	limit	asr	0.0	-22.1	-50.8	28.7	0.000	0.000	0.000
3 калибровка	near-ru	0	+0	limit	asr	0.0	-23.2	-52.9	29.7	0.000	0.000	0.000
3 калибровка	near-ru	0	+0	limit	asr	0.0	-24.9	-51.9	27.0	0.000	0.000	0.000
3 калибровка	near-ru	0	+0	limit	asr	0.0	-26.3	-52.3	26.0	0.000	0.000	0.000
3 калибровка	near-ru	0	+0	limit	asr	0.0	-27.2	-52.8	25.6	0.000	0.000	0.000
3 калибровка	near-ru	0	+0	limit	skip_short	0.0	-37.8	-50.4	12.6	0.000	0.000	0.000
3 калибровка	near-ru	0	+0	limit	silence	0.0	-32.3	-43.0	10.7	0.000	0.000	0.000
3 калибровка	noisy-pt	0	+0	limit	asr	0.0	-23.3	-40.2	16.9	0.000	0.000	0.000
3 калибровка	noisy-pt	0	+0	limit	asr	0.0	-23.2	-43.8	20.6	0.000	0.000	0.000
3 калибровка	noisy-pt	0	+0	limit	asr	0.0	-23.3	-40.3	17.0	0.000	0.000	0.000
3 калибровка	noisy-pt	0	+0	limit	asr	0.0	-22.3	-39.3	17.0	0.000	0.000	0.000
3 калибровка	noisy-pt	0	+0	limit	skip_lang	0.0	-21.9	-37.5	15.6	0.000	0.000	0.000
3 калибровка	noisy-pt	0	+0	limit	asr	0.0	-23.2	-41.4	18.2	0.000	0.000	0.000
3 калибровка	noisy-pt	0	+0	limit	asr	0.0	-24.7	-41.0	16.3	0.000	0.000	0.000
3 калибровка	noisy-pt	0	+0	limit	asr	0.0	-22.3	-39.9	17.6	0.000	0.000	0.000
3 калибровка	noisy-pt	0	+0	limit	asr	0.0	-22.2	-40.3	18.1	0.000	0.000	0.000
3 калибровка	noisy-pt	0	+0	limit	asr	0.0	-25.1	-41.0	15.9	0.000	0.000	0.000
3 калибровка	noisy-pt	0	+0	limit	asr	0.0	-25.3	-40.6	15.3	0.000	0.000	0.000
3 калибровка	noisy-pt	0	+0	limit	asr	0.0	-22.5	-40.1	17.6	0.000	0.000	0.000
3 калибровка	noisy-pt	0	+0	limit	silence	0.0	-30.4	-41.4	11.0	0.000	0.000	0.000
3 калибровка	noisy-pt	0	+0	limit	asr	0.0	-22.9	-38.0	15.1	0.000	0.000	0.000
3 калибровка	noisy-pt	0	+0	limit	silence	0.0	-20.9	-37.4	16.5	0.000	0.000	0.000
3 калибровка	noisy-pt	0	+0	limit	asr	0.0	-22.2	-38.4	16.2	0.000	0.000	0.000
3 калибровка	noisy-pt	0	+0	limit	asr	0.0	-22.4	-39.4	17.0	0.000	0.000	0.000
3 калибровка	noisy-pt	0	+0	limit	skip_short	0.0	-28.4	-42.5	14.1	0.000	0.000	0.000
3 калибровка	noisy-pt	0	+0	limit	skip_lang	0.0	-24.3	-38.3	14.0	0.000	0.000	0.000
3 калибровка	noisy-pt	0	+0	limit	skip_lang	0.0	-24.6	-41.9	17.3	0.000	0.000	0.000
3 калибровка	noisy-pt	0	+0	limit	skip_lang	0.0	-23.6	-40.8	17.2	0.000	0.000	0.000
3 калибровка	noisy-pt	0	+0	limit	skip_lang	0.0	-24.2	-43.2	19.0	0.000	0.000	0.000
3 калибровка	noisy-pt	0	+0	limit	asr	0.0	-24.0	-42.2	18.2	0.000	0.000	0.000
3 калибровка	noisy-pt	0	+0	limit	asr	0.0	-23.6	-42.4	18.8	0.000	0.000	0.000
3 калибровка	noisy-pt	0	+0	limit	asr	0.0	-21.8	-43.5	21.7	0.000	0.000	0.000
3 калибровка	noisy-pt	0	+0	limit	asr	0.0	-24.3	-42.1	17.8	0.000	0.000	0.000
3 калибровка	noisy-pt	0	+0	limit	skip_lang	0.0	-27.9	-43.8	15.9	0.000	0.000	0.000
3 калибровка	noisy-pt	0	+0	limit	asr	0.0	-22.2	-43.7	21.5	0.000	0.000	0.000
3 калибровка	noisy-pt	0	+0	limit	asr	0.0	-21.4	-43.7	22.3	0.000	0.000	0.000
3 калибровка	noisy-pt	0	+0	limit	asr	0.0	-23.1	-42.1	19.0	0.000	0.000	0.000
3 калибровка	noisy-pt	0	+0	limit	asr	0.0	-23.6	-42.1	18.5	0.000	0.000	0.000
3 калибровка	noisy-pt	0	+0	limit	asr	0.0	-22.6	-40.0	17.4	0.000	0.000	0.000
3 калибровка	noisy-pt	0	+0	limit	skip_short	0.0	-29.8	-41.8	12.0	0.000	0.000	0.000
3 калибровка	noisy-pt	0	+0	limit	asr	0.0	-22.6	-40.9	18.3	0.000	0.000	0.000
3 калибровка	noisy-pt	0	+0	limit	asr	0.0	-20.9	-41.1	20.2	0.000	0.000	0.000
3 калибровка	noisy-pt	0	+0	limit	asr	0.0	-24.9	-43.3	18.4	0.000	0.000	0.000
3 калибровка	noisy-pt	0	+0	limit	asr	0.0	-23.8	-40.4	16.6	0.000	0.000	0.000
3 калибровка	noisy-pt	0	+0	limit	asr	0.0	-22.9	-41.6	18.7	0.000	0.000	0.000
3 калибровка	noisy-pt	0	+0	limit	asr	0.0	-23.9	-41.3	17.4	0.000	0.000	0.000
3 калибровка	noisy-pt	0	+0	limit	asr	0.0	-25.9	-43.7	17.8	0.000	0.000	0.000
3 калибровка	noisy-pt	0	+0	limit	asr	0.0	-22.6	-42.3	19.7	0.000	0.000	0.000
3 калибровка	noisy-pt	0	+0	limit	skip_lang	0.0	-26.0	-42.8	16.8	0.000	0.000	0.000
3 калибровка	noisy-pt	0	+0	limit	asr	0.0	-22.5	-42.6	20.1	0.000	0.000	0.000
3 калибровка	noisy-pt	0	+0	limit	silence	0.0	-22.9	-41.6	18.7	0.000	0.000	0.000
3 калибровка	noisy-pt	0	+0	limit	asr	0.0	-23.5	-39.5	16.0	0.000	0.000	0.000
3 калибровка	noisy-pt	0	+0	limit	skip_lang	0.0	-28.6	-43.9	15.3	0.000	0.000	0.000
3 калибровка	noisy-pt	0	+0	limit	skip_lang	0.0	-21.7	-41.8	20.1	0.000	0.000	0.000
3 калибровка	noisy-pt	0	+0	limit	asr	0.0	-22.5	-44.1	21.6	0.000	0.000	0.000
3 калибровка	noisy-pt	0	+0	limit	asr	0.0	-23.3	-43.1	19.8	0.000	0.000	0.000
3 калибровка	noisy-pt	0	+0	limit	asr	0.0	-23.2	-42.0	18.8	0.000	0.000	0.000
3 калибровка	noisy-pt	0	+0	limit	asr	0.0	-25.0	-41.2	16.2	0.000	0.000	0.000
3 калибровка	noisy-pt	0	+0	limit	asr	0.0	-27.5	-42.1	14.6	0.000	0.000	0.000
3 калибровка	noisy-pt	0	+0	limit	silence	0.0	-25.5	-41.4	15.9	0.000	0.000	0.000
3 калибровка	noisy-pt	0	+0	limit	asr	0.0	-25.2	-42.5	17.3	0.000	0.000	0.000
3 калибровка	noisy-pt	0	+0	limit	skip_lang	0.0	-23.5	-41.9	18.4	0.000	0.000	0.000
3 калибровка	noisy-pt	0	+0	limit	asr	0.0	-24.1	-43.1	19.0	0.000	0.000	0.000
3 калибровка	noisy-pt	0	+0	limit	asr	0.0	-27.0	-42.7	15.7	0.000	0.000	0.000
3 калибровка	noisy-pt	0	+0	limit	asr	0.0	-25.7	-43.1	17.4	0.000	0.000	0.000
3 калибровка	noisy-pt	0	+0	limit	asr	0.0	-24.6	-43.8	19.2	0.000	0.000	0.000
3 калибровка	noisy-pt	0	+0	limit	asr	0.0	-20.8	-44.0	23.2	0.000	0.000	0.000
3 калибровка	noisy-pt	0	+0	limit	asr	0.0	-22.1	-43.9	21.8	0.000	0.000	0.000
3 калибровка	noisy-pt	0	+0	limit	asr	0.0	-22.5	-40.3	17.8	0.000	0.000	0.000
3 калибровка	noisy-pt	0	+0	limit	asr	0.0	-24.6	-43.0	18.4	0.000	0.000	0.000
3 калибровка	noisy-pt	0	+0	limit	asr	0.0	-23.5	-41.9	18.4	0.000	0.000	0.000
3 калибровка	noisy-pt	0	+0	limit	asr	0.0	-24.2	-42.7	18.5	0.000	0.000	0.000
3 калибровка	noisy-pt	0	+0	limit	asr	0.0	-21.6	-41.9	20.3	0.000	0.000	0.000
3 калибровка	noisy-pt	0	+0	limit	asr	0.0	-23.3	-41.6	18.3	0.000	0.000	0.000
3 калибровка	noisy-pt	0	+0	limit	asr	0.0	-23.2	-43.7	20.5	0.000	0.000	0.000
3 калибровка	noisy-pt	0	+0	limit	asr	0.0	-22.4	-42.8	20.4	0.000	0.000	0.000
3 калибровка	noisy-pt	0	+0	limit	skip_short	0.0	-27.5	-42.6	15.1	0.000	0.000	0.000
3 калибровка	noisy-pt	0	+0	limit	asr	0.0	-22.8	-42.0	19.2	0.000	0.000	0.000
3 калибровка	noisy-pt	0	+0	limit	asr	0.0	-20.6	-42.7	22.1	0.000	0.000	0.000
3 калибровка	noisy-pt	0	+0	limit	asr	0.0	-23.0	-42.6	19.6	0.000	0.000	0.000
3 калибровка	noisy-pt	0	+0	limit	asr	0.0	-22.0	-43.3	21.3	0.000	0.000	0.000
3 калибровка	noisy-pt	0	+0	limit	asr	0.0	-23.0	-43.0	20.0	0.000	0.000	0.000
3 калибровка	noisy-pt	0	+0	limit	silence	0.0	-30.6	-42.6	12.0	0.000	0.000	0.000
3 калибровка	noisy-pt	0	+0	limit	asr	0.0	-27.5	-43.0	15.5	0.000	0.000	0.000
3 калибровка	noisy-pt	0	+0	limit	silence	0.0	-27.8	-42.1	14.3	0.000	0.000	0.000
3 калибровка	noisy-pt	0	+0	limit	skip_lang	0.0	-32.4	-43.4	11.0	0.000	0.000	0.000
3 калибровка	noisy-pt	0	+0	limit	skip_lang	0.0	-29.6	-42.9	13.3	0.000	0.000	0.000
4 авто с нуля	far-pt	0	авто	limit	asr	0.0	-30.7	-48.7	18.0	0.000	0.000	0.000
4 авто с нуля	far-pt	0	авто	limit	asr	4.7	-25.1	-46.4	21.3	0.000	0.000	0.000
4 авто с нуля	far-pt	0	авто	limit	asr	5.4	-24.6	-44.8	20.2	0.000	0.000	0.000
4 авто с нуля	far-pt	0	авто	limit	asr	5.8	-23.3	-43.0	19.7	0.000	0.000	0.000
4 авто с нуля	far-pt	0	авто	limit	asr	5.3	-25.7	-44.5	18.8	0.000	0.000	0.000
4 авто с нуля	far-pt	0	авто	limit	asr	6.5	-22.6	-41.9	19.3	0.000	0.000	0.000
4 авто с нуля	far-pt	0	авто	limit	asr	5.6	-27.2	-43.4	16.2	0.000	0.000	0.000
4 авто с нуля	far-pt	0	авто	limit	asr	7.8	-24.8	-43.4	18.6	0.000	0.000	0.000
4 авто с нуля	far-pt	0	авто	limit	asr	8.3	-20.6	-41.4	20.8	0.000	0.000	0.000
4 авто с нуля	far-pt	0	авто	limit	asr	6.0	-25.9	-45.1	19.2	0.000	0.000	0.000
4 авто с нуля	far-pt	0	авто	limit	asr	7.3	-24.5	-43.0	18.5	0.000	0.000	0.000
4 авто с нуля	far-pt	0	авто	limit	asr	7.7	-25.7	-42.0	16.3	0.000	0.000	0.000
4 авто с нуля	far-pt	0	авто	limit	asr	8.8	-22.6	-39.8	17.2	0.000	0.000	0.000
4 авто с нуля	far-pt	0	авто	limit	asr	7.9	-22.7	-41.9	19.2	0.000	0.000	0.000
4 авто с нуля	far-pt	0	авто	limit	asr	6.9	-23.9	-42.4	18.5	0.000	0.000	0.000
4 авто с нуля	far-pt	0	авто	limit	asr	6.8	-27.3	-44.1	16.8	0.000	0.000	0.000
4 авто с нуля	far-pt	0	авто	limit	asr	9.1	-25.3	-41.1	15.8	0.000	0.000	0.000
4 авто с нуля	far-pt	0	авто	limit	asr	10.1	-20.7	-40.7	20.0	0.000	0.000	0.000
4 авто с нуля	far-pt	0	авто	limit	asr	7.7	-21.4	-42.1	20.7	0.000	0.000	0.000
4 авто с нуля	far-pt	0	авто	limit	asr	5.9	-25.9	-45.1	19.2	0.000	0.000	0.000
4 авто с нуля	far-pt	0	авто	limit	asr	7.2	-25.7	-41.8	16.1	0.000	0.000	0.000
4 авто с нуля	far-pt	0	авто	limit	skip_lang	8.5	-23.4	-42.7	19.3	0.000	0.000	0.000
4 авто с нуля	far-pt	0	авто	limit	asr	8.0	-22.9	-43.3	20.4	0.000	0.000	0.000
4 авто с нуля	far-pt	0	авто	limit	asr	7.2	-21.8	-44.5	22.7	0.000	0.000	0.000
4 авто с нуля	far-pt	0	авто	limit	asr	5.7	-26.1	-43.7	17.6	0.000	0.000	0.000
4 авто с нуля	far-pt	0	авто	limit	asr	7.2	-29.1	-43.4	14.3	0.000	0.000	0.000
4 авто с нуля	far-pt	0	авто	limit	asr	10.7	-22.1	-40.7	18.6	0.000	0.000	0.000
4 авто с нуля	far-pt	0	авто	limit	asr	9.4	-21.2	-40.9	19.7	0.000	0.000	0.000
4 авто с нуля	far-pt	0	авто	limit	asr	7.4	-24.4	-43.7	19.3	0.000	0.000	0.000
4 авто с нуля	far-pt	0	авто	limit	asr	7.7	-23.3	-42.3	19.0	0.000	0.000	0.000
4 авто с нуля	far-pt	0	авто	limit	asr	7.2	-23.5	-44.0	20.5	0.000	0.000	0.000
4 авто с нуля	far-pt	0	авто	limit	asr	6.9	-24.0	-43.1	19.1	0.000	0.000	0.000
4 авто с нуля	far-pt	0	авто	limit	asr	6.9	-24.3	-43.5	19.2	0.000	0.000	0.000
4 авто с нуля	far-pt	0	авто	limit	asr	7.1	-23.6	-42.0	18.4	0.000	0.000	0.000
4 авто с нуля	far-pt	0	авто	limit	asr	6.8	-23.5	-44.6	21.1	0.000	0.000	0.000
4 авто с нуля	far-pt	0	авто	limit	asr	6.5	-26.4	-42.3	15.9	0.000	0.000	0.000
4 авто с нуля	far-pt	0	авто	limit	asr	8.2	-22.6	-41.3	18.7	0.000	0.000	0.000
4 авто с нуля	far-pt	0	авто	limit	asr	7.2	-23.1	-43.5	20.4	0.000	0.000	0.000
4 авто с нуля	far-pt	0	авто	limit	asr	6.6	-23.0	-44.5	21.5	0.000	0.000	0.000
4 авто с нуля	far-pt	0	авто	limit	asr	5.9	-25.8	-45.7	19.9	0.000	0.000	0.000
4 авто с нуля	far-pt	0	авто	limit	asr	7.1	-26.2	-45.0	18.8	0.000	0.000	0.000
4 авто с нуля	far-pt	0	авто	limit	asr	8.7	-23.5	-43.1	19.6	0.000	0.000	0.000
4 авто с нуля	far-pt	0	авто	limit	asr	8.3	-22.1	-42.4	20.3	0.000	0.000	0.000
4 авто с нуля	far-pt	0	авто	limit	asr	6.9	-26.3	-43.4	17.1	0.000	0.000	0.000
4 авто с нуля	far-pt	0	авто	limit	asr	8.5	-24.3	-42.0	17.7	0.000	0.000	0.000
4 авто с нуля	far-pt	0	авто	limit	asr	8.7	-20.6	-40.8	20.2	0.000	0.000	0.000
4 авто с нуля	far-pt	0	авто	limit	asr	6.3	-23.7	-45.3	21.6	0.000	0.000	0.000
4 авто с нуля	far-pt	0	авто	limit	asr	6.1	-24.6	-42.2	17.6	0.000	0.000	0.000
4 авто с нуля	far-pt	0	авто	limit	asr	6.5	-27.5	-42.2	14.7	0.000	0.000	0.000
4 авто с нуля	far-pt	0	авто	limit	asr	9.0	-19.9	-41.0	21.1	0.000	0.000	0.000
4 авто с нуля	far-pt	0	авто	limit	asr	6.2	-24.2	-43.0	18.8	0.000	0.000	0.000
4 авто с нуля	far-pt	0	авто	limit	skip_short	6.3	-24.4	-43.7	19.3	0.000	0.000	0.000
4 авто с нуля	far-pt	0	авто	limit	asr	6.6	-24.5	-43.0	18.5	0.000	0.000	0.000
4 авто с нуля	far-pt	0	авто	limit	asr	6.9	-23.0	-42.6	19.6	0.000	0.000	0.000
4 авто с нуля	far-pt	0	авто	limit	asr	6.3	-29.6	-44.9	15.3	0.000	0.000	0.000
4 авто с нуля	far-pt	0	авто	limit	asr	10.2	-25.1	-38.5	13.4	0.000	0.000	0.000
4 авто с нуля	far-pt	0	авто	limit	asr	11.0	-23.7	-39.2	15.5	0.000	0.000	0.000
4 авто с нуля	far-pt	0	авто	limit	asr	10.7	-19.3	-38.6	19.3	0.000	0.000	0.000
4 авто с нуля	far-pt	0	авто	limit	asr	7.5	-22.3	-44.0	21.7	0.000	0.000	0.000
4 авто с нуля	far-pt	0	авто	limit	asr	6.3	-22.7	-45.5	22.8	0.000	0.000	0.000
4 авто с нуля	far-pt	0	авто	limit	asr	5.4	-29.9	-45.6	15.7	0.000	0.000	0.000
4 авто с нуля	far-pt	0	авто	limit	asr	9.5	-25.4	-41.9	16.5	0.000	0.000	0.000
4 авто с нуля	far-pt	0	авто	limit	asr	10.4	-22.4	-40.4	18.0	0.000	0.000	0.000
4 авто с нуля	far-pt	0	авто	limit	asr	9.3	-18.6	-39.7	21.1	0.000	0.000	0.000
4 авто с нуля	far-pt	0	авто	limit	asr	5.5	-23.7	-43.9	20.2	0.000	0.000	0.000
4 авто с нуля	far-pt	0	авто	limit	asr	5.3	-26.3	-43.5	17.2	0.000	0.000	0.000
4 авто с нуля	far-pt	0	авто	limit	asr	7.0	-27.5	-41.9	14.4	0.000	0.000	0.000
4 авто с нуля	far-pt	0	авто	limit	asr	9.4	-23.5	-41.5	18.0	0.000	0.000	0.000
4 авто с нуля	far-pt	0	авто	limit	asr	9.0	-18.8	-35.0	16.2	0.000	0.000	0.000
4 авто с нуля	far-pt	0	авто	limit	skip_lang	5.4		-18.6		0.000	0.001	0.000
4 авто с нуля	far-pt	0	авто	limit	silence	5.4	-10.4	-20.8	10.4	0.000	0.003	0.000
4 авто с нуля	far-pt	0	авто	limit	asr	-4.1	-20.3	-31.6	11.3	0.000	0.000	0.000
4 авто с нуля	near-pt	0	авто	limit	asr	0.0	-23.7	-49.5	25.8	0.000	0.000	0.000
4 авто с нуля	near-pt	0	авто	limit	asr	-0.2	-21.8	-50.1	28.3	0.000	0.000	0.000
4 авто с нуля	near-pt	0	авто	limit	asr	-1.8	-23.1	-49.8	26.7	0.000	0.000	0.000
4 авто с нуля	near-pt	0	авто	limit	asr	-2.4	-24.0	-50.4	26.4	0.000	0.000	0.000
4 авто с нуля	near-pt	0	авто	limit	asr	-2.4	-25.0	-50.9	25.9	0.000	0.000	0.000
4 авто с нуля	near-pt	0	авто	limit	asr	-1.8	-22.1	-43.4	21.3	0.000	0.000	0.000
4 авто с нуля	near-pt	0	авто	limit	asr	-3.1	-31.2	-51.3	20.1	0.000	0.000	0.000
4 авто с нуля	near-pt	0	авто	limit	asr	1.9	-23.5	-46.9	23.4	0.000	0.000	0.000
4 авто с нуля	near-pt	0	авто	limit	skip_lang	1.5	-31.8	-47.9	16.1	0.000	0.000	0.000
4 авто с нуля	near-pt	0	авто	limit	asr	7.0	-14.8	-42.3	27.5	0.000	0.057	0.000
4 авто с нуля	near-pt	0	авто	limit	asr	0.5	-23.4	-48.2	24.8	0.000	0.000	0.000
4 авто с нуля	near-pt	0	авто	limit	asr	0.1	-21.8	-49.1	27.3	0.000	0.000	0.000
4 авто с нуля	near-pt	0	авто	limit	asr	-1.4	-25.5	-51.7	26.2	0.000	0.000	0.000
4 авто с нуля	near-pt	0	авто	limit	asr	-0.4	-23.8	-50.1	26.3	0.000	0.000	0.000
4 авто с нуля	near-pt	0	авто	limit	asr	-0.6	-22.9	-50.5	27.6	0.000	0.000	0.000
4 авто с нуля	near-pt	0	авто	limit	asr	-1.3	-24.6	-51.0	26.4	0.000	0.000	0.000
4 авто с нуля	near-pt	0	авто	limit	asr	-0.9	-26.7	-51.1	24.4	0.000	0.000	0.000
4 авто с нуля	near-pt	0	авто	limit	asr	1.0	-25.9	-46.3	20.4	0.000	0.000	0.000
4 авто с нуля	near-pt	0	авто	limit	asr	2.4	-19.9	-48.4	28.5	0.000	0.000	0.000
4 авто с нуля	near-pt	0	авто	limit	asr	-0.5	-21.7	-50.7	29.0	0.000	0.000	0.000
4 авто с нуля	near-pt	0	авто	limit	asr	-2.1	-25.9	-48.5	22.6	0.000	0.000	0.000
4 авто с нуля	near-pt	0	авто	limit	asr	-0.8	-28.6	-49.8	21.2	0.000	0.000	0.000
4 авто с нуля	near-pt	0	авто	limit	asr	2.4	-21.3	-47.8	26.5	0.000	0.000	0.000
4 авто с нуля	near-pt	0	авто	limit	asr	0.5	-22.5	-47.9	25.4	0.000	0.000	0.000
4 авто с нуля	near-pt	0	авто	limit	asr	-0.5	-21.2	-49.9	28.7	0.000	0.000	0.000
4 авто с нуля	near-pt	0	авто	limit	asr	-2.5	-27.9	-50.9	23.0	0.000	0.000	0.000
4 авто с нуля	near-pt	0	авто	limit	asr	0.2	-24.7	-46.7	22.0	0.000	0.000	0.000
4 авто с нуля	near-pt	0	авто	limit	asr	0.8	-21.8	-47.9	26.1	0.000	0.000	0.000
4 авто с нуля	near-pt	0	авто	limit	asr	-0.8	-25.1	-50.7	25.6	0.000	0.000	0.000
4 авто с нуля	near-pt	0	авто	limit	asr	-0.0	-23.9	-47.8	23.9	0.000	0.000	0.000
4 авто с нуля	near-pt	0	авто	limit	asr	-0.1	-23.4	-49.6	26.2	0.000	0.000	0.000
4 авто с нуля	near-pt	0	авто	limit	asr	-0.5	-22.7	-51.1	28.4	0.000	0.000	0.000
4 авто с нуля	near-pt	0	авто	limit	asr	-1.4	-24.2	-50.9	26.7	0.000	0.000	0.000
4 авто с нуля	near-pt	0	авто	limit	asr	-1.2	-25.0	-51.8	26.8	0.000	0.000	0.000
4 авто с нуля	near-pt	0	авто	limit	asr	-0.5	-22.2	-50.9	28.7	0.000	0.000	0.000
4 авто с нуля	near-pt	0	авто	limit	asr	-1.7	-26.1	-50.4	24.3	0.000	0.000	0.000
4 авто с нуля	near-pt	0	авто	limit	asr	-0.3	-24.7	-49.6	24.9	0.000	0.000	0.000
4 авто с нуля	near-pt	0	авто	limit	asr	0.2	-23.8	-47.5	23.7	0.000	0.000	0.000
4 авто с нуля	near-pt	0	авто	limit	asr	0.1	-21.3	-49.5	28.2	0.000	0.000	0.000
4 авто с нуля	near-pt	0	авто	limit	asr	-1.8	-26.4	-51.5	25.1	0.000	0.000	0.000
4 авто с нуля	near-pt	0	авто	limit	asr	-0.1	-25.2	-49.4	24.2	0.000	0.000	0.000
4 авто с нуля	near-pt	0	авто	limit	asr	0.7	-21.5	-48.1	26.6	0.000	0.000	0.000
4 авто с нуля	near-pt	0	авто	limit	asr	-1.1	-25.1	-50.8	25.7	0.000	0.000	0.000
4 авто с нуля	near-pt	0	авто	limit	asr	-0.3	-25.2	-47.2	22.0	0.000	0.000	0.000
4 авто с нуля	near-pt	0	авто	limit	asr	0.5	-26.7	-48.6	21.9	0.000	0.000	0.000
4 авто с нуля	near-pt	0	авто	limit	asr	2.4	-19.3	-47.6	28.3	0.000	0.000	0.000
4 авто с нуля	near-pt	0	авто	limit	asr	-0.9	-24.4	-51.6	27.2	0.000	0.000	0.000
4 авто с нуля	near-pt	0	авто	limit	asr	-0.6	-22.1	-49.6	27.5	0.000	0.000	0.000
4 авто с нуля	near-pt	0	авто	limit	asr	-1.9	-25.3	-52.5	27.2	0.000	0.000	0.000
4 авто с нуля	near-pt	0	авто	limit	asr	-1.0	-25.5	-50.4	24.9	0.000	0.000	0.000
4 авто с нуля	near-pt	0	авто	limit	asr	0.0	-24.3	-50.6	26.3	0.000	0.000	0.000
4 авто с нуля	near-pt	0	авто	limit	asr	0.2	-27.7	-50.0	22.3	0.000	0.000	0.000
4 авто с нуля	near-pt	0	авто	limit	asr	2.8	-27.0	-45.8	18.8	0.000	0.000	0.000
4 авто с нуля	near-pt	0	авто	limit	asr	4.9	-21.6	-41.7	20.1	0.000	0.000	0.000
4 авто с нуля	near-pt	0	авто	limit	asr	3.2	-20.5	-44.3	23.8	0.000	0.000	0.000
4 авто с нуля	near-pt	0	авто	limit	asr	0.8	-22.3	-47.9	25.6	0.000	0.000	0.000
4 авто с нуля	near-pt	0	авто	limit	asr	-0.4	-22.8	-50.3	27.5	0.000	0.000	0.000
4 авто с нуля	near-pt	0	авто	limit	asr	-1.3	-31.2	-50.5	19.3	0.000	0.000	0.000
4 авто с нуля	near-pt	0	авто	limit	asr	3.7	-25.3	-45.9	20.6	0.000	0.000	0.000
4 авто с нуля	near-pt	0	авто	limit	asr	4.6	-23.6	-43.2	19.6	0.000	0.000	0.000
4 авто с нуля	near-pt	0	авто	limit	asr	4.3	-16.9	-45.7	28.8	0.000	0.000	0.000
4 авто с нуля	near-pt	0	авто	limit	asr	-0.7	-23.4	-50.1	26.7	0.000	0.000	0.000
4 авто с нуля	near-pt	0	авто	limit	asr	-1.1	-27.8	-50.3	22.5	0.000	0.000	0.000
4 авто с нуля	near-pt	0	авто	limit	asr	1.5	-25.8	-47.7	21.9	0.000	0.000	0.000
4 авто с нуля	near-pt	0	авто	limit	asr	2.8	-24.4	-47.2	22.8	0.000	0.000	0.000
4 авто с нуля	near-pt	0	авто	limit	asr	3.1	-18.3	-46.1	27.8	0.000	0.000	0.000
4 авто с нуля	near-pt	0	авто	limit	asr	-0.9	-23.4	-50.2	26.8	0.000	0.000	0.000
4 авто с нуля	near-pt	0	авто	limit	asr	-1.3	-23.4	-51.1	27.7	0.000	0.000	0.000
4 авто с нуля	near-pt	0	авто	limit	asr	-1.7	-24.3	-51.6	27.3	0.000	0.000	0.000
4 авто с нуля	near-pt	0	авто	limit	asr	-1.5	-22.3	-49.3	27.0	0.000	0.000	0.000
4 авто с нуля	near-pt	0	авто	limit	asr	-2.7	-26.7	-52.3	25.6	0.000	0.000	0.000
4 авто с нуля	near-pt	0	авто	limit	asr	-0.8	-22.6	-50.9	28.3	0.000	0.000	0.000
4 авто с нуля	near-pt	0	авто	limit	asr	-1.8	-25.5	-51.3	25.8	0.000	0.000	0.000
4 авто с нуля	near-pt	24	авто	limit	skip_lang	0.0	-57.3	-72.7	15.4	0.000	0.000	0.000
4 авто с нуля	near-pt	24	авто	limit	asr	16.8	-27.9	-57.2	29.3	0.000	0.000	0.000
4 авто с нуля	near-pt	24	авто	limit	skip_short	19.5	-38.4	-50.6	12.2	0.000	0.000	0.000
4 авто с нуля	near-pt	24	авто	limit	asr	22.6	-25.3	-50.1	24.8	0.000	0.000	0.000
4 авто с нуля	near-pt	24	авто	limit	asr	23.5	-22.4	-49.6	27.2	0.000	0.000	0.000
4 авто с нуля	near-pt	24	авто	limit	asr	22.4	-25.7	-51.9	26.2	0.000	0.000	0.000
4 авто с нуля	near-pt	24	авто	limit	asr	23.5	-23.9	-50.2	26.3	0.000	0.000	0.000
4 авто с нуля	near-pt	24	авто	limit	asr	23.4	-23.0	-50.6	27.6	0.000	0.000	0.000
4 авто с нуля	near-pt	24	авто	limit	asr	22.7	-24.6	-51.0	26.4	0.000	0.000	0.000
4 авто с нуля	near-pt	24	авто	limit	asr	23.1	-26.7	-51.1	24.4	0.000	0.000	0.000
4 авто с нуля	near-pt	24	авто	limit	asr	23.7	-27.2	-47.6	20.4	0.000	0.000	0.000
4 авто с нуля	near-pt	24	авто	limit	asr	23.9	-22.4	-50.9	28.5	0.000	0.000	0.000
4 авто с нуля	near-pt	24	авто	limit	asr	22.8	-22.5	-51.4	28.9	0.000	0.000	0.000
4 авто с нуля	near-pt	24	авто	limit	asr	21.7	-26.1	-48.7	22.6	0.000	0.000	0.000
4 авто с нуля	near-pt	24	авто	limit	asr	23.2	-28.7	-49.9	21.2	0.000	0.000	0.000
4 авто с нуля	near-pt	24	авто	limit	asr	23.7	-24.0	-50.5	26.5	0.000	0.000	0.000
4 авто с нуля	near-pt	24	авто	limit	asr	23.7	-23.3	-48.7	25.4	0.000	0.000	0.000
4 авто с нуля	near-pt	24	авто	limit	asr	23.3	-21.4	-50.1	28.7	0.000	0.000	0.000
4 авто с нуля	near-pt	24	авто	limit	asr	21.5	-27.9	-51.0	23.1	0.000	0.000	0.000
4 авто с нуля	near-pt	24	авто	limit	asr	23.2	-25.7	-47.8	22.1	0.000	0.000	0.000
4 авто с нуля	near-pt	24	авто	limit	asr	23.8	-22.8	-48.9	26.1	0.000	0.000	0.000
4 авто с нуля	near-pt	24	авто	limit	asr	22.9	-25.4	-50.9	25.5	0.000	0.000	0.000
4 авто с нуля	near-pt	24	авто	limit	asr	23.7	-24.2	-48.2	24.0	0.000	0.000	0.000
4 авто с нуля	near-pt	24	авто	limit	asr	23.8	-23.5	-49.7	26.2	0.000	0.000	0.000
4 авто с нуля	near-pt	24	авто	limit	asr	23.5	-22.7	-51.1	28.4	0.000	0.000	0.000
4 авто с нуля	near-pt	24	авто	limit	asr	22.6	-24.2	-50.9	26.7	0.000	0.000	0.000
4 авто с нуля	near-pt	24	авто	limit	asr	22.8	-25.0	-51.7	26.7	0.000	0.000	0.000
4 авто с нуля	near-pt	24	авто	limit	asr	23.5	-22.2	-51.0	28.8	0.000	0.000	0.000
4 авто с нуля	near-pt	24	авто	limit	asr	22.3	-26.1	-50.4	24.3	0.000	0.000	0.000
4 авто с нуля	near-pt	24	авто	limit	asr	23.5	-24.9	-49.8	24.9	0.000	0.000	0.000
4 авто с нуля	near-pt	24	авто	limit	asr	23.8	-24.1	-47.8	23.7	0.000	0.000	0.000
4 авто с нуля	near-pt	24	авто	limit	asr	23.9	-21.4	-49.6	28.2	0.000	0.000	0.000
4 авто с нуля	near-pt	24	авто	limit	asr	22.1	-26.5	-51.5	25.0	0.000	0.000	0.000
4 авто с нуля	near-pt	24	авто	limit	asr	23.4	-25.6	-49.8	24.2	0.000	0.000	0.000
4 авто с нуля	near-pt	24	авто	limit	asr	23.8	-22.3	-48.9	26.6	0.000	0.000	0.000
4 авто с нуля	near-pt	24	авто	limit	asr	22.7	-25.4	-51.0	25.6	0.000	0.000	0.000
4 авто с нуля	near-pt	24	авто	limit	asr	23.6	-25.3	-47.2	21.9	0.000	0.000	0.000
4 авто с нуля	near-pt	24	авто	limit	asr	23.9	-27.3	-49.2	21.9	0.000	0.000	0.000
4 авто с нуля	near-pt	24	авто	limit	asr	24.0	-21.7	-50.1	28.4	0.000	0.000	0.000
4 авто с нуля	near-pt	24	авто	limit	asr	22.4	-25.2	-52.3	27.1	0.000	0.000	0.000
4 авто с нуля	near-pt	24	авто	limit	asr	23.2	-22.3	-49.8	27.5	0.000	0.000	0.000
4 авто с нуля	near-pt	24	авто	limit	asr	22.0	-25.4	-52.5	27.1	0.000	0.000	0.000
4 авто с нуля	near-pt	24	авто	limit	asr	23.0	-25.5	-50.4	24.9	0.000	0.000	0.000
4 авто с нуля	near-pt	24	авто	limit	asr	23.7	-24.4	-50.9	26.5	0.000	0.000	0.000
4 авто с нуля	near-pt	24	авто	limit	asr	23.9	-28.0	-50.4	22.4	0.000	0.000	0.000
4 авто с нуля	near-pt	24	авто	limit	asr	24.0	-29.8	-48.6	18.8	0.000	0.000	0.000
4 авто с нуля	near-pt	24	авто	limit	asr	24.0	-26.8	-48.4	21.6	0.000	0.000	0.000
4 авто с нуля	near-pt	24	авто	limit	asr	24.0	-23.8	-47.5	23.7	0.000	0.000	0.000
4 авто с нуля	near-pt	24	авто	limit	asr	23.8	-23.2	-48.8	25.6	0.000	0.000	0.000
4 авто с нуля	near-pt	24	авто	limit	asr	23.3	-23.1	-50.7	27.6	0.000	0.000	0.000
4 авто с нуля	near-pt	24	авто	limit	asr	22.6	-31.3	-50.6	19.3	0.000	0.000	0.000
4 авто с нуля	near-pt	24	авто	limit	asr	23.6	-29.4	-50.0	20.6	0.000	0.000	0.000
4 авто с нуля	near-pt	24	авто	limit	asr	23.9	-28.3	-47.9	19.6	0.000	0.000	0.000
4 авто с нуля	near-pt	24	авто	limit	asr	24.0	-21.2	-50.0	28.8	0.000	0.000	0.000
4 авто с нуля	near-pt	24	авто	limit	asr	22.0	-24.7	-51.4	26.7	0.000	0.000	0.000
4 авто с нуля	near-pt	24	авто	limit	asr	22.5	-28.1	-50.7	22.6	0.000	0.000	0.000
4 авто с нуля	near-pt	24	авто	limit	asr	23.5	-27.8	-49.6	21.8	0.000	0.000	0.000
4 авто с нуля	near-pt	24	авто	limit	asr	23.9	-27.3	-50.1	22.8	0.000	0.000	0.000
4 авто с нуля	near-pt	24	авто	limit	asr	24.0	-21.4	-49.1	27.7	0.000	0.000	0.000
4 авто с нуля	near-pt	24	авто	limit	asr	22.2	-24.4	-51.1	26.7	0.000	0.000	0.000
4 авто с нуля	near-pt	24	авто	limit	asr	22.4	-23.7	-51.4	27.7	0.000	0.000	0.000
4 авто с нуля	near-pt	24	авто	limit	asr	22.2	-24.4	-51.7	27.3	0.000	0.000	0.000
4 авто с нуля	near-pt	24	авто	limit	asr	22.5	-22.3	-49.4	27.1	0.000	0.000	0.000
4 авто с нуля	near-pt	24	авто	limit	asr	21.3	-26.7	-52.3	25.6	0.000	0.000	0.000
4 авто с нуля	near-pt	24	авто	limit	asr	23.2	-22.6	-51.0	28.4	0.000	0.000	0.000
4 авто с нуля	near-pt	24	авто	limit	asr	22.2	-25.5	-51.3	25.8	0.000	0.000	0.000
5 авто с памятью	near-pt	24	авто	limit	asr	23.0	-24.7	-50.5	25.8	0.000	0.000	0.000
5 авто с памятью	near-pt	24	авто	limit	asr	23.5	-22.1	-50.3	28.2	0.000	0.000	0.000
5 авто с памятью	near-pt	24	авто	limit	asr	22.1	-23.1	-49.9	26.8	0.000	0.000	0.000
5 авто с памятью	near-pt	24	авто	limit	asr	21.5	-24.0	-50.4	26.4	0.000	0.000	0.000
5 авто с памятью	near-pt	24	авто	limit	asr	21.6	-25.0	-50.9	25.9	0.000	0.000	0.000
5 авто с памятью	near-pt	24	авто	limit	asr	22.2	-22.1	-43.4	21.3	0.000	0.000	0.000
5 авто с памятью	near-pt	24	авто	limit	asr	20.9	-31.2	-51.3	20.1	0.000	0.000	0.000
5 авто с памятью	near-pt	24	авто	limit	asr	23.1	-26.3	-49.8	23.5	0.000	0.000	0.000
5 авто с памятью	near-pt	24	авто	limit	skip_lang	23.7	-33.6	-49.7	16.1	0.000	0.000	0.000
5 авто с памятью	near-pt	24	авто	limit	asr	23.9	-20.7	-49.3	28.6	0.000	0.000	0.000
5 авто с памятью	near-pt	24	авто	limit	asr	21.6	-26.3	-51.1	24.8	0.000	0.000	0.000
5 авто с памятью	near-pt	24	авто	limit	asr	23.2	-22.7	-49.9	27.2	0.000	0.000	0.000
5 авто с памятью	near-pt	24	авто	limit	asr	22.3	-25.7	-52.0	26.3	0.000	0.000	0.000
5 авто с памятью	near-pt	24	авто	limit	asr	23.5	-23.9	-50.2	26.3	0.000	0.000	0.000
5 авто с памятью	near-pt	24	авто	limit	asr	23.4	-23.0	-50.6	27.6	0.000	0.000	0.000
5 авто с памятью	near-pt	24	авто	limit	asr	22.7	-24.6	-51.0	26.4	0.000	0.000	0.000
5 авто с памятью	near-pt	24	авто	limit	asr	23.1	-26.7	-51.1	24.4	0.000	0.000	0.000
5 авто с памятью	near-pt	24	авто	limit	asr	23.7	-27.2	-47.6	20.4	0.000	0.000	0.000
5 авто с памятью	near-pt	24	авто	limit	asr	23.9	-22.4	-50.9	28.5	0.000	0.000	0.000
5 авто с памятью	near-pt	24	авто	limit	asr	22.8	-22.5	-51.4	28.9	0.000	0.000	0.000
5 авто с памятью	near-pt	24	авто	limit	asr	21.7	-26.1	-48.7	22.6	0.000	0.000	0.000
5 авто с памятью	near-pt	24	авто	limit	asr	23.2	-28.7	-49.9	21.2	0.000	0.000	0.000
5 авто с памятью	near-pt	24	авто	limit	asr	23.7	-24.0	-50.5	26.5	0.000	0.000	0.000
5 авто с памятью	near-pt	24	авто	limit	asr	23.7	-23.3	-48.7	25.4	0.000	0.000	0.000
5 авто с памятью	near-pt	24	авто	limit	asr	23.3	-21.4	-50.1	28.7	0.000	0.000	0.000
5 авто с памятью	near-pt	24	авто	limit	asr	21.5	-27.9	-51.0	23.1	0.000	0.000	0.000
5 авто с памятью	near-pt	24	авто	limit	asr	23.2	-25.7	-47.8	22.1	0.000	0.000	0.000
5 авто с памятью	near-pt	24	авто	limit	asr	23.8	-22.8	-48.9	26.1	0.000	0.000	0.000
5 авто с памятью	near-pt	24	авто	limit	asr	22.9	-25.4	-50.9	25.5	0.000	0.000	0.000
5 авто с памятью	near-pt	24	авто	limit	asr	23.7	-24.2	-48.2	24.0	0.000	0.000	0.000
5 авто с памятью	near-pt	24	авто	limit	asr	23.8	-23.5	-49.7	26.2	0.000	0.000	0.000
5 авто с памятью	near-pt	24	авто	limit	asr	23.5	-22.7	-51.1	28.4	0.000	0.000	0.000
5 авто с памятью	near-pt	24	авто	limit	asr	22.6	-24.2	-50.9	26.7	0.000	0.000	0.000
5 авто с памятью	near-pt	24	авто	limit	asr	22.8	-25.0	-51.7	26.7	0.000	0.000	0.000
5 авто с памятью	near-pt	24	авто	limit	asr	23.5	-22.2	-51.0	28.8	0.000	0.000	0.000
5 авто с памятью	near-pt	24	авто	limit	asr	22.3	-26.1	-50.4	24.3	0.000	0.000	0.000
5 авто с памятью	near-pt	24	авто	limit	asr	23.5	-24.9	-49.8	24.9	0.000	0.000	0.000
5 авто с памятью	near-pt	24	авто	limit	asr	23.8	-24.1	-47.8	23.7	0.000	0.000	0.000
5 авто с памятью	near-pt	24	авто	limit	asr	23.9	-21.4	-49.6	28.2	0.000	0.000	0.000
5 авто с памятью	near-pt	24	авто	limit	asr	22.1	-26.5	-51.5	25.0	0.000	0.000	0.000
5 авто с памятью	near-pt	24	авто	limit	asr	23.4	-25.6	-49.8	24.2	0.000	0.000	0.000
5 авто с памятью	near-pt	24	авто	limit	asr	23.8	-22.3	-48.9	26.6	0.000	0.000	0.000
5 авто с памятью	near-pt	24	авто	limit	asr	22.7	-25.4	-51.0	25.6	0.000	0.000	0.000
5 авто с памятью	near-pt	24	авто	limit	asr	23.6	-25.3	-47.2	21.9	0.000	0.000	0.000
5 авто с памятью	near-pt	24	авто	limit	asr	23.9	-27.3	-49.2	21.9	0.000	0.000	0.000
5 авто с памятью	near-pt	24	авто	limit	asr	24.0	-21.7	-50.1	28.4	0.000	0.000	0.000
5 авто с памятью	near-pt	24	авто	limit	asr	22.4	-25.2	-52.3	27.1	0.000	0.000	0.000
5 авто с памятью	near-pt	24	авто	limit	asr	23.2	-22.3	-49.8	27.5	0.000	0.000	0.000
5 авто с памятью	near-pt	24	авто	limit	asr	22.0	-25.4	-52.5	27.1	0.000	0.000	0.000
5 авто с памятью	near-pt	24	авто	limit	asr	23.0	-25.5	-50.4	24.9	0.000	0.000	0.000
5 авто с памятью	near-pt	24	авто	limit	asr	23.7	-24.4	-50.9	26.5	0.000	0.000	0.000
5 авто с памятью	near-pt	24	авто	limit	asr	23.9	-28.0	-50.4	22.4	0.000	0.000	0.000
5 авто с памятью	near-pt	24	авто	limit	asr	24.0	-29.8	-48.6	18.8	0.000	0.000	0.000
5 авто с памятью	near-pt	24	авто	limit	asr	24.0	-26.8	-48.4	21.6	0.000	0.000	0.000
5 авто с памятью	near-pt	24	авто	limit	asr	24.0	-23.8	-47.5	23.7	0.000	0.000	0.000
5 авто с памятью	near-pt	24	авто	limit	asr	23.8	-23.2	-48.8	25.6	0.000	0.000	0.000
5 авто с памятью	near-pt	24	авто	limit	asr	23.3	-23.1	-50.7	27.6	0.000	0.000	0.000
5 авто с памятью	near-pt	24	авто	limit	asr	22.6	-31.3	-50.6	19.3	0.000	0.000	0.000
5 авто с памятью	near-pt	24	авто	limit	asr	23.6	-29.4	-50.0	20.6	0.000	0.000	0.000
5 авто с памятью	near-pt	24	авто	limit	asr	23.9	-28.3	-47.9	19.6	0.000	0.000	0.000
5 авто с памятью	near-pt	24	авто	limit	asr	24.0	-21.2	-50.0	28.8	0.000	0.000	0.000
5 авто с памятью	near-pt	24	авто	limit	asr	22.0	-24.7	-51.4	26.7	0.000	0.000	0.000
5 авто с памятью	near-pt	24	авто	limit	asr	22.5	-28.1	-50.7	22.6	0.000	0.000	0.000
5 авто с памятью	near-pt	24	авто	limit	asr	23.5	-27.8	-49.6	21.8	0.000	0.000	0.000
5 авто с памятью	near-pt	24	авто	limit	asr	23.9	-27.3	-50.1	22.8	0.000	0.000	0.000
5 авто с памятью	near-pt	24	авто	limit	asr	24.0	-21.4	-49.1	27.7	0.000	0.000	0.000
5 авто с памятью	near-pt	24	авто	limit	asr	22.2	-24.4	-51.1	26.7	0.000	0.000	0.000
5 авто с памятью	near-pt	24	авто	limit	asr	22.4	-23.7	-51.4	27.7	0.000	0.000	0.000
5 авто с памятью	near-pt	24	авто	limit	asr	22.2	-24.4	-51.7	27.3	0.000	0.000	0.000
5 авто с памятью	near-pt	24	авто	limit	asr	22.5	-22.3	-49.4	27.1	0.000	0.000	0.000
5 авто с памятью	near-pt	24	авто	limit	asr	21.3	-26.7	-52.3	25.6	0.000	0.000	0.000
5 авто с памятью	near-pt	24	авто	limit	asr	23.2	-22.6	-51.0	28.4	0.000	0.000	0.000
5 авто с памятью	near-pt	24	авто	limit	asr	22.2	-25.5	-51.3	25.8	0.000	0.000	0.000
5 авто с памятью	near-pt	0	авто	limit	asr	23.0	-11.0	-25.5	14.5	0.000	0.319	0.000
5 авто с памятью	near-pt	0	авто	limit	asr	13.9	-13.1	-35.4	22.3	0.000	0.203	0.000
5 авто с памятью	near-pt	0	авто	limit	asr	6.3	-15.3	-40.7	25.4	0.000	0.039	0.000
5 авто с памятью	near-pt	0	авто	limit	asr	0.2	-21.3	-47.8	26.5	0.000	0.000	0.000
5 авто с памятью	near-pt	0	авто	limit	asr	-1.6	-24.2	-50.1	25.9	0.000	0.000	0.000
5 авто с памятью	near-pt	0	авто	limit	asr	-1.5	-21.8	-43.2	21.4	0.000	0.000	0.000
5 авто с памятью	near-pt	0	авто	limit	asr	-3.0	-31.1	-51.3	20.2	0.000	0.000	0.000
5 авто с памятью	near-pt	0	авто	limit	asr	1.9	-23.4	-46.9	23.5	0.000	0.000	0.000
5 авто с памятью	near-pt	0	авто	limit	skip_lang	1.5	-31.8	-47.9	16.1	0.000	0.000	0.000
5 авто с памятью	near-pt	0	авто	limit	asr	7.0	-14.8	-42.3	27.5	0.000	0.057	0.000
5 авто с памятью	near-pt	0	авто	limit	asr	0.6	-23.4	-48.2	24.8	0.000	0.000	0.000
5 авто с памятью	near-pt	0	авто	limit	asr	0.1	-21.8	-49.1	27.3	0.000	0.000	0.000
5 авто с памятью	near-pt	0	авто	limit	asr	-1.4	-25.5	-51.7	26.2	0.000	0.000	0.000
5 авто с памятью	near-pt	0	авто	limit	asr	-0.4	-23.8	-50.1	26.3	0.000	0.000	0.000
5 авто с памятью	near-pt	0	авто	limit	asr	-0.6	-22.9	-50.5	27.6	0.000	0.000	0.000
5 авто с памятью	near-pt	0	авто	limit	asr	-1.3	-24.6	-51.0	26.4	0.000	0.000	0.000
5 авто с памятью	near-pt	0	авто	limit	asr	-0.9	-26.7	-51.1	24.4	0.000	0.000	0.000
5 авто с памятью	near-pt	0	авто	limit	asr	1.0	-25.9	-46.3	20.4	0.000	0.000	0.000
5 авто с памятью	near-pt	0	авто	limit	asr	2.4	-19.9	-48.4	28.5	0.000	0.000	0.000
5 авто с памятью	near-pt	0	авто	limit	asr	-0.5	-21.7	-50.7	29.0	0.000	0.000	0.000
5 авто с памятью	near-pt	0	авто	limit	asr	-2.1	-25.9	-48.5	22.6	0.000	0.000	0.000
5 авто с памятью	near-pt	0	авто	limit	asr	-0.8	-28.6	-49.8	21.2	0.000	0.000	0.000
5 авто с памятью	near-pt	0	авто	limit	asr	2.4	-21.3	-47.8	26.5	0.000	0.000	0.000
5 авто с памятью	near-pt	0	авто	limit	asr	0.5	-22.5	-47.9	25.4	0.000	0.000	0.000
5 авто с памятью	near-pt	0	авто	limit	asr	-0.5	-21.2	-49.9	28.7	0.000	0.000	0.000
5 авто с памятью	near-pt	0	авто	limit	asr	-2.5	-27.9	-50.9	23.0	0.000	0.000	0.000
5 авто с памятью	near-pt	0	авто	limit	asr	0.2	-24.7	-46.7	22.0	0.000	0.000	0.000
5 авто с памятью	near-pt	0	авто	limit	asr	0.8	-21.8	-47.9	26.1	0.000	0.000	0.000
5 авто с памятью	near-pt	0	авто	limit	asr	-0.8	-25.1	-50.7	25.6	0.000	0.000	0.000
5 авто с памятью	near-pt	0	авто	limit	asr	-0.0	-23.9	-47.8	23.9	0.000	0.000	0.000
5 авто с памятью	near-pt	0	авто	limit	asr	-0.1	-23.4	-49.6	26.2	0.000	0.000	0.000
5 авто с памятью	near-pt	0	авто	limit	asr	-0.5	-22.7	-51.1	28.4	0.000	0.000	0.000
5 авто с памятью	near-pt	0	авто	limit	asr	-1.4	-24.2	-50.9	26.7	0.000	0.000	0.000
5 авто с памятью	near-pt	0	авто	limit	asr	-1.2	-25.0	-51.8	26.8	0.000	0.000	0.000
5 авто с памятью	near-pt	0	авто	limit	asr	-0.5	-22.2	-50.9	28.7	0.000	0.000	0.000
5 авто с памятью	near-pt	0	авто	limit	asr	-1.7	-26.1	-50.4	24.3	0.000	0.000	0.000
5 авто с памятью	near-pt	0	авто	limit	asr	-0.3	-24.7	-49.6	24.9	0.000	0.000	0.000
5 авто с памятью	near-pt	0	авто	limit	asr	0.2	-23.8	-47.5	23.7	0.000	0.000	0.000
5 авто с памятью	near-pt	0	авто	limit	asr	0.1	-21.3	-49.5	28.2	0.000	0.000	0.000
5 авто с памятью	near-pt	0	авто	limit	asr	-1.8	-26.4	-51.5	25.1	0.000	0.000	0.000
5 авто с памятью	near-pt	0	авто	limit	asr	-0.1	-25.2	-49.4	24.2	0.000	0.000	0.000
5 авто с памятью	near-pt	0	авто	limit	asr	0.7	-21.5	-48.1	26.6	0.000	0.000	0.000
5 авто с памятью	near-pt	0	авто	limit	asr	-1.1	-25.1	-50.8	25.7	0.000	0.000	0.000
5 авто с памятью	near-pt	0	авто	limit	asr	-0.3	-25.2	-47.2	22.0	0.000	0.000	0.000
5 авто с памятью	near-pt	0	авто	limit	asr	0.5	-26.7	-48.6	21.9	0.000	0.000	0.000
5 авто с памятью	near-pt	0	авто	limit	asr	2.4	-19.3	-47.6	28.3	0.000	0.000	0.000
5 авто с памятью	near-pt	0	авто	limit	asr	-0.9	-24.4	-51.6	27.2	0.000	0.000	0.000
5 авто с памятью	near-pt	0	авто	limit	asr	-0.6	-22.1	-49.6	27.5	0.000	0.000	0.000
5 авто с памятью	near-pt	0	авто	limit	asr	-1.9	-25.3	-52.5	27.2	0.000	0.000	0.000
5 авто с памятью	near-pt	0	авто	limit	asr	-1.0	-25.5	-50.4	24.9	0.000	0.000	0.000
5 авто с памятью	near-pt	0	авто	limit	asr	0.0	-24.3	-50.6	26.3	0.000	0.000	0.000
5 авто с памятью	near-pt	0	авто	limit	asr	0.2	-27.7	-50.0	22.3	0.000	0.000	0.000
5 авто с памятью	near-pt	0	авто	limit	asr	2.8	-27.0	-45.8	18.8	0.000	0.000	0.000
5 авто с памятью	near-pt	0	авто	limit	asr	4.9	-21.6	-41.7	20.1	0.000	0.000	0.000
5 авто с памятью	near-pt	0	авто	limit	asr	3.2	-20.5	-44.3	23.8	0.000	0.000	0.000
5 авто с памятью	near-pt	0	авто	limit	asr	0.8	-22.3	-47.9	25.6	0.000	0.000	0.000
5 авто с памятью	near-pt	0	авто	limit	asr	-0.4	-22.8	-50.3	27.5	0.000	0.000	0.000
5 авто с памятью	near-pt	0	авто	limit	asr	-1.3	-31.2	-50.5	19.3	0.000	0.000	0.000
5 авто с памятью	near-pt	0	авто	limit	asr	3.7	-25.3	-45.9	20.6	0.000	0.000	0.000
5 авто с памятью	near-pt	0	авто	limit	asr	4.6	-23.6	-43.2	19.6	0.000	0.000	0.000
5 авто с памятью	near-pt	0	авто	limit	asr	4.3	-16.9	-45.7	28.8	0.000	0.000	0.000
5 авто с памятью	near-pt	0	авто	limit	asr	-0.7	-23.4	-50.1	26.7	0.000	0.000	0.000
5 авто с памятью	near-pt	0	авто	limit	asr	-1.1	-27.8	-50.3	22.5	0.000	0.000	0.000
5 авто с памятью	near-pt	0	авто	limit	asr	1.5	-25.8	-47.7	21.9	0.000	0.000	0.000
5 авто с памятью	near-pt	0	авто	limit	asr	2.8	-24.4	-47.2	22.8	0.000	0.000	0.000
5 авто с памятью	near-pt	0	авто	limit	asr	3.1	-18.3	-46.1	27.8	0.000	0.000	0.000
5 авто с памятью	near-pt	0	авто	limit	asr	-0.9	-23.4	-50.2	26.8	0.000	0.000	0.000
5 авто с памятью	near-pt	0	авто	limit	asr	-1.3	-23.4	-51.1	27.7	0.000	0.000	0.000
5 авто с памятью	near-pt	0	авто	limit	asr	-1.7	-24.3	-51.6	27.3	0.000	0.000	0.000
5 авто с памятью	near-pt	0	авто	limit	asr	-1.5	-22.3	-49.3	27.0	0.000	0.000	0.000
5 авто с памятью	near-pt	0	авто	limit	asr	-2.7	-26.7	-52.3	25.6	0.000	0.000	0.000
5 авто с памятью	near-pt	0	авто	limit	asr	-0.8	-22.6	-50.9	28.3	0.000	0.000	0.000
5 авто с памятью	near-pt	0	авто	limit	asr	-1.8	-25.5	-51.3	25.8	0.000	0.000	0.000
