1789212359591	soak	model_test.wav
1789212360719	asr	pt2ru	Não pergunte o que seu país pode fazer por você. Pergunte o que você pode fazer por seu país.	Не спрашивайте, что ваша страна может сделать для вас. Спросите, что вы можете сделать для своей страны.	MT (2 фразы) · без озвучки	4599.2	-22.2			1789212359592	698	427
1789212362232	soak	tat_1035724.wav
1789212362394	asr	pt2ru	Sei quem é meu inimigo.	Я знаю, кто мой враг.	📖 корпус · без озвучки	2209.0	-13.3			1789212362232	160	0
1789212363902	soak	tat_1061222.wav
1789212364156	asr	pt2ru	RKA4JL Que horas começa a prova?	RKA4JL Во сколько начинается тест?	MT · без озвучки	1578.9	-31.5			1789212363902	149	104
1789212365664	soak	tat_1063144.wav
1789212365873	asr	pt2ru	Comer em excesso é ruim para a saúde.	Чрезмерное питание вредно для здоровья.	📖 корпус · без озвучки	2275.6	-33.4			1789212365664	206	0
1789212367390	soak	tat_1063173.wav
1789212367568	asr	pt2ru	O inglês não é fácil para mim.	Мне трудно даётся английский.	📖 корпус · без озвучки	2136.3	-33.7			1789212367390	176	0
1789212369081	soak	tat_1063245.wav
1789212369251	asr	pt2ru	Ele é famoso como médico.	Он известен как врач.	📖 корпус · без озвучки	1996.9	-34.4			1789212369081	167	1
1789212370768	soak	tat_1063513.wav
1789212371164	asr	pt2ru	A cidade mudou consideravelmente durante esses dois últimos anos.	Город значительно изменился за последние годы 2.	MT · маска×1 · без озвучки	4272.5	-31.6			1789212370768	298	97
1789212372673	soak	tat_1102494.wav
1789212372867	asr	pt2ru	O quarto é vasto e claro.	Комната большая и светлая.	📖 корпус · без озвучки	2220.1	-19.7			1789212372673	191	1
1789212374381	soak	tat_1111735.wav
1789212374620	asr	pt2ru	O que diabos está fazendo?	Какого черта ты делаешь?	MT · без озвучки	1718.3	-34.0			1789212374381	162	75
1789212376135	soak	tat_1112641.wav
1789212376386	asr	pt2ru	Todos dizem que são inocentes.	Все говорят, что они невиновны.	MT (2×) · без озвучки	2150.1	-17.7			1789212376135	181	69
1789212377894	soak	tat_1113220.wav
1789212378199	asr	pt2ru	Tive que esperar mais de três horas.	Мне пришлось ждать 3 больше часа.	MT · маска×1 · без озвучки	2298.8	-36.7			1789212377894	207	96
1789212379711	soak	tat_1114087.wav
1789212379957	asr	pt2ru	Vocês têm aula sábado?	У вас занятия в субботу?	MT · без озвучки	1695.1	-36.2			1789212379711	162	82
1789212381469	soak	tat_1146068.wav
1789212381650	asr	pt2ru	De que você está falando?	О чём ты говоришь?	📖 корпус · без озвучки	1906.9	-17.1			1789212381470	179	0
1789212383163	soak	tat_1172131.wav
1789212383371	asr	pt2ru	O francês é a língua materna dela.	Французский — её родной язык.	📖 корпус · без озвучки	2477.8	-12.7			1789212383163	206	0
1789212384882	soak	tat_1179406.wav
1789212385072	asr	pt2ru	O velho falou comigo em francês.	Старик говорил со мной по-французски.	📖 корпус · без озвучки	2209.0	-11.4			1789212384882	188	1
1789212386582	soak	tat_1323002.wav
1789212386858	asr	pt2ru	Esperi por dez minutos.	Я просмотрел 10 минут.	MT · маска×1 · без озвучки	2319.9	-28.2			1789212386583	185	88
1789212388370	soak	tat_1325544.wav
1789212388541	asr	pt2ru	Ela vai me matar!	Она меня убьет.	📖 корпус · без озвучки	1959.2	-20.5			1789212388370	169	0
1789212390058	soak	tat_1377214.wav
1789212390225	asr	pt2ru	De que vocês estão falando?	О чём ты говоришь?	📖 корпус · без озвучки	1959.2	-16.2			1789212390058	165	0
1789212391736	soak	tat_1377974.wav
1789212391962	asr	pt2ru	Nunca é demasiado tarde para se aprender.	Учиться никогда не поздно.	📖 корпус · без озвучки	2873.5	-16.1			1789212391736	225	0
1789212393476	soak	tat_1378279.wav
1789212393641	asr	pt2ru	Faça assim como lhe digo.	Сделай так, как я тебе сказал.	📖 корпус · без озвучки	1854.7	-20.3			1789212393476	163	0
1789212395145	soak	tat_1403886.wav
1789212395409	asr	pt2ru	Você sabe onde moramos?	Ты знаешь, где мы живем?	📖 корпус · без озвучки	2030.1	-28.6			1789212395145	253	0
1789212396931	soak	tat_1475216.wav
1789212397147	asr	pt2ru	Eu não te conheço.	Я тебя не знаю.	📖 корпус · без озвучки	2600.6	-16.7			1789212396932	211	0
1789212398657	soak	tat_1512318.wav
1789212398944	asr	pt2ru	A parte superior da montanha está coberta de neve.	Верхняя часть горы покрыта снегом.	📖 корпус · без озвучки	3829.9	-19.8			1789212398657	284	1
1789212400450	soak	tat_182184.wav
1789212400699	asr	pt2ru	Preciso de dormir	Мне нужно поспать.	MT · без озвучки	1619.6	-14.4			1789212400451	177	70
1789212402205	soak	tat_2091856.wav
1789212402444	asr	pt2ru	Eu quero que você use isso.	Я хочу, чтобы ты надел это.	📖 корпус · без озвучки	2106.3	-15.6			1789212402205	236	1
1789212403954	soak	tat_2440707.wav
1789212404137	asr	pt2ru	Eu sei o que fiz.	Я знаю, что я сделал.	📖 корпус · без озвучки	2136.3	-17.6			1789212403954	180	2
1789212405646	soak	tat_2456371.wav
1789212405896	asr	pt2ru	Eu não posso levantar.	Я не могу встать.	📖 корпус · без озвучки	2972.2	-17.4			1789212405646	248	1
1789212407405	soak	tat_2457867.wav
1789212407671	asr	pt2ru	Eu não moro com um tom.	Я не живу с Томом.	MT (2×) · без озвучки	1827.6	-15.5			1789212407405	156	108
1789212409174	soak	tat_2605491.wav
1789212409472	asr	pt2ru	Não preciso da tua ajuda.	Мне не нужна твоя помощь.	📖 корпус · без озвучки	2209.0	-15.6			1789212409174	296	0
1789212410987	soak	tat_2605494.wav
1789212411202	asr	pt2ru	Não preciso da ajuda de vocês.	Мне не нужна ваша помощь.	📖 корпус · без озвучки	2477.8	-16.2			1789212410988	210	2
1789212412712	soak	tat_2605538.wav
1789212412910	asr	pt2ru	Recebi sua carta ontem.	Я получил ваше письмо вчера.	📖 корпус · без озвучки	2403.3	-22.2			1789212412713	195	1
1789212414421	soak	tat_2605548.wav
1789212414663	asr	pt2ru	Recebi tua carta ontem.	Я получил твоё письмо вчера.	📖 корпус · без озвучки	2925.8	-22.9			1789212414421	240	1
1789212416186	soak	tat_2605557.wav
1789212416368	asr	pt2ru	Que cargo você ocupa?	Какая у вас должность?	📖 корпус · без озвучки	2115.9	-25.7			1789212416186	180	1
1789212417880	soak	tat_2605569.wav
1789212418067	asr	pt2ru	Tuas mãos estão limpas?	У тебя чистые руки?	📖 корпус · без озвучки	1854.7	-18.4			1789212417880	185	0
1789212419577	soak	tat_2605659.wav
1789212419753	asr	pt2ru	Seu relógio está certo.	Ваши часы идут верно?	📖 корпус · без озвучки	2011.4	-20.1			1789212419577	174	1
1789212421270	soak	tat_2605771.wav
1789212421412	asr	pt2ru	Não quero detê-lo.	Я не буду останавливать вас.	📖 корпус · без озвучки	1724.1	-20.0			1789212421270	140	1
1789212422927	soak	tat_2605785.wav
1789212423432	asr	pt2ru	Não quero ter de deter.	Я не хочу останавливаться.	MT · без озвучки	2168.2	-19.5			1789212422927	184	320
1789212424939	soak	tat_2605840.wav
1789212425217	asr	pt2ru	Não esqueç a passagem.	Не забудь про билет.	MT · без озвучки	2063.7	-21.5			1789212424939	200	76
1789212426731	soak	tat_2652877.wav
1789212427035	asr	pt2ru	O Tom comeu três cachorros quentes.	Том съел хот-доги. 3	MT (2×) · маска×1 · без озвучки	2756.4	-16.5			1789212426731	216	87
1789212428548	soak	tat_2653594.wav
1789212428751	asr	pt2ru	Fui picado por uma vespa.	Меня ужалила оса.	📖 корпус · без озвучки	2403.3	-21.8			1789212428548	201	1
1789212430261	soak	tat_2655068.wav
1789212430413	asr	pt2ru	Quanto custa a entrada?	Сколько стоит вход?	📖 корпус · без озвучки	1906.9	-20.1			1789212430262	149	1
1789212431927	soak	tat_2668473.wav
1789212432126	asr	pt2ru	Não estou precisando de dinheiro.	Мне не нужны деньги.	📖 корпус · без озвучки	2507.8	-15.2			1789212431927	196	1
1789212433635	soak	tat_2699854.wav
1789212433898	asr	pt2ru	Siva-se dos biscoitos.	Убери свои печеньки.	MT · без озвучки	2168.2	-18.4			1789212433635	191	71
1789212435404	soak	tat_2699911.wav
1789212435583	asr	pt2ru	Ajude-me, por favor.	Помоги мне, пожалуйста.	📖 корпус · без озвучки	2168.2	-22.7			1789212435405	176	0
1789212437100	soak	tat_2699935.wav
1789212437279	asr	pt2ru	Ajudem-me, por favor!	Помогите, пожалуйста.	📖 корпус · без озвучки	2220.4	-20.8			1789212437100	177	1
1789212438791	soak	tat_2700870.wav
1789212439016	asr	pt2ru	Somos irmão e irmã.	Мы брат и сестра.	📖 корпус · без озвучки	2377.1	-21.5			1789212438791	223	0
1789212440530	soak	tat_2701929.wav
1789212440737	asr	pt2ru	Ela se sentou junto dele.	Она села рядом с ним.	📖 корпус · без озвучки	2507.8	-22.1			1789212440530	204	1
1789212442247	soak	tat_2702923.wav
1789212442470	asr	pt2ru	Perdi o trem da 7.	Я пропустил поезд 7.	MT · маска×1 · без озвучки	1827.6	-12.6			1789212442247	160	61
1789212443975	soak	tat_2703232.wav
1789212444151	asr	pt2ru	Eles mangaram de mim.	Они посмеялись надо мной.	📖 корпус · без озвучки	2115.9	-20.7			1789212443975	173	1
1789212445664	soak	tat_2703234.wav
1789212445852	asr	pt2ru	Posso ver televisão agora?	Теперь я могу посмотреть телевизор?	📖 корпус · без озвучки	2403.3	-19.8			1789212445664	185	1
1789212447372	soak	tat_340439.wav
1789212447625	asr	pt2ru	Nós não conseguimos dormir por causa do barulho.	Мы не можем спать из-за шума.	📖 корпус · без озвучки	3179.9	-17.6			1789212447372	249	2
1789212449140	soak	tat_3489553.wav
1789212449369	asr	pt2ru	Eu estava falando com vocês.	Я с вами говорил.	MT (2×) · без озвучки	1920.5	-17.5			1789212449141	161	66
1789212450885	soak	tat_369537.wav
1789212450976	asr	pt2ru	Te amo.	Я люблю тебя!	📖 корпус · без озвучки	862.1	-16.4			1789212450885	88	1
1789212452491	soak	tat_376502.wav
1789212452632	asr	pt2ru	Ela é minha namorada.	Она моя девушка.	📖 корпус · без озвучки	1470.1	-22.0			1789212452491	138	1
1789212454143	soak	tat_395112.wav
1789212454262	asr	pt2ru	Muito obrigado.	Большое спасибо	📖 словарь · без озвучки	1270.1	-16.0			1789212454144	116	1
1789212455781	soak	tat_5080466.wav
1789212456051	asr	pt2ru	Tom assou o seu nariz.	Том запек нос.	MT (2×) · без озвучки	2600.6	-14.8			1789212455781	203	65
1789212457566	soak	tat_514762.wav
1789212457701	asr	pt2ru	Sou um turista.	Я турист.	📖 корпус · без озвучки	1358.4	-15.2			1789212457566	133	1
1789212459212	soak	tat_5150001.wav
1789212459427	asr	pt2ru	Não é o carro de Tom.	Это не машина Тома.	MT (2×) · без озвучки	1489.0	-20.5			1789212459212	135	78
1789212460939	soak	tat_5218298.wav
1789212461283	asr	pt2ru	Como você saberia disso, então?	Откуда ты знаешь?	MT (2×) · без озвучки	2220.4	-16.3			1789212460939	191	152
1789212462795	soak	tat_579051.wav
1789212462994	asr	pt2ru	Você entende?	Ты понимаешь?	📖 корпус · без озвучки	2450.0	-19.7			1789212462795	197	1
1789212464512	soak	tat_579080.wav
1789212464796	asr	pt2ru	Tudo ocorreu sem problemas.	Всё прошло как по маслу.	📖 корпус · без озвучки	3200.0	-18.9			1789212464512	282	0
1789212466307	soak	tat_579858.wav
1789212466605	asr	pt2ru	Por favor, você poderia falar um pouco mais devagar.	Пожалуйста, вы могли бы говорить немного медленнее?	📖 корпус · без озвучки	4100.0	-22.1			1789212466307	296	1
1789212468116	soak	tat_5806748.wav
1789212468309	asr	pt2ru	Eu machuquei o meu joelho.	Я повредил себе колено.	📖 корпус · без озвучки	2272.7	-17.1			1789212468116	190	1
1789212469819	soak	tat_826362.wav
1789212470133	asr	pt2ru	Ela está contente com o seu sucesso.	Она довольна твоим успехом.	MT (2×) · без озвучки	2377.1	-19.5			1789212469820	229	83
1789212471638	soak	tat_873614.wav
1789212471774	asr	pt2ru	Onde estou agora?	Где я сейчас?	📖 корпус · без озвучки	1610.1	-25.1			1789212471639	134	0
1789212473289	soak	tat_874775.wav
1789212473389	asr	pt2ru	Isso é tudo?	Это всё?	📖 корпус · без озвучки	1210.1	-32.4			1789212473289	99	0
1789212474898	soak	tat_886190.wav
1789212475073	asr	pt2ru	Eu amo comida coreana.	Я люблю корейскую еду.	📖 корпус · без озвучки	1973.7	-31.1			1789212474898	173	1
1789212476585	soak	tat_886196.wav
1789212476740	asr	pt2ru	Minha irmã canta muito bem.	Моя сестра очень хорошо поёт.	📖 корпус · без озвучки	1915.7	-35.2			1789212476585	152	1
1789212478253	soak	tat_886199.wav
1789212478361	asr	pt2ru	Não posso falar.	Я не могу говорить.	📖 корпус · без озвучки	1265.5	-31.9			1789212478253	105	1
1789212479877	soak	tat_904446.wav
1789212480000	asr	pt2ru	Você acha?	Ты думаешь?	📖 корпус · без озвучки	1320.1	-30.3			1789212479877	121	0
1789212481512	soak	tat_913261.wav
1789212481645	asr	pt2ru	Eu amo você.	Я тебя люблю.	📖 корпус · без озвучки	1420.1	-33.0			1789212481512	131	1
1789212483169	soak	tat_933784.wav
1789212483527	asr	pt2ru	Aquele rádio não é maior do que uma caixa de fósforos.	Это радио не больше спичечной коробки.	MT (2×) · без озвучки	3366.9	-32.2			1789212483169	263	93
1789212485040	soak	tat_955619.wav
1789212485205	asr	pt2ru	Eu sinto muito.	Я очень сожалею.	📖 корпус · без озвучки	1802.5	-29.3			1789212485040	153	1
1789212486717	soak	tat_957924.wav
1789212486863	asr	pt2ru	A vida é curta.	Жизнь коротка.	📖 корпус · без озвучки	1570.1	-30.5			1789212486718	144	0
1789212488373	soak	tat_972432.wav
1789212488617	asr	pt2ru	A ideia em si não é ruim.	Сама идея неплохая.	MT (2×) · без озвучки	2205.9	-30.1			1789212488373	172	71
1789212490129	soak	tat_972580.wav
1789212490281	asr	pt2ru	Ela gostou do novo vestido.	Ей понравилось новое платье.	📖 корпус · без озвучки	1578.9	-29.9			1789212490130	149	1
1789212491794	soak	tat_972616.wav
1789212491942	asr	pt2ru	Esta é uma ideia brilhante.	Это блестящая идея.	📖 корпус · без озвучки	1671.9	-30.8			1789212491794	146	1
1789212493451	soak	tat_972647.wav
1789212493634	asr	pt2ru	O Sol é mais luminoso que a Lua.	Солнце ярче луны.	📖 корпус · без озвучки	2229.1	-28.4			1789212493452	181	0
1789212495144	soak	tat_972806.wav
1789212495279	asr	pt2ru	Onde fica a entrada do museu?	Где вход в музей?	📖 корпус · без озвучки	1486.1	-28.5			1789212495144	133	1
1789212496789	soak	tat_974376.wav
1789212496937	asr	pt2ru	Eu não sei onde estão.	Я не знаю, где они.	📖 корпус · без озвучки	1760.1	-29.1			1789212496789	146	1
1789212498447	soak	tat_974384.wav
1789212498637	asr	pt2ru	Não posso viver sem ti.	Я не могу жить без тебя.	📖 корпус · без озвучки	2029.9	-29.2			1789212498447	187	1
1789212500153	soak	tat_978052.wav
1789212500297	asr	pt2ru	Ele usa óculos.	Он носит очки.	📖 корпус · без озвучки	1670.1	-28.9			1789212500153	142	1
1789212501805	soak	tat_996196.wav
1789212501940	asr	pt2ru	Meu tio é rico.	Мой дядя богат.	📖 корпус · без озвучки	1610.1	-30.3			1789212501805	133	0
